id,name,shares,comments,content,posted_on,image,post_url,image_content
pfbid0BKqLHt7bpwgZ5ULMj5iu2KfRR6kZHYRnjY3SqLHxk9g6CQGD7BpatvBtaW8DuwErl,CNNArabic,1,3,الهلال الأحمر الفلسطيني يعلن توقف ثاني أكبر مستشفى في #غزة عن العمل.. ويكشف السبب,2023-11-12:17:01,h t t p s : / / e x t e r n a l . f t u n 1 5 - 1 . f n a . f b c d n . n e t / e m g 1 / v / t 1 3 / 4 6 3 9 2 6 2 2 6 8 7 2 0 6 8 4 7 4 ? u r l = h t t p s % 3 A % 2 F % 2 F c n n - a r a b i c - i m a g e s . c n n . i o % 2 F c l o u d i n a r y % 2 F i m a g e % 2 F u p l o a d % 2 F x _ 0 % 2 C y _ 3 0 6 % 2 C w _ 5 4 3 0 % 2 C h _ 3 0 5 4 % 2 C c _ c r o p % 2 F w _ 1 9 2 0 % 2 C h _ 1 0 0 8 % 2 C c _ f i l l % 2 C q _ a u t o % 2 C g _ c e n t e r % 2 F t _ c n n a r a b i c _ w a t e r m a r k _ l o g o _ v 5 % 2 F c n n a r a b i c % 2 F 2 0 2 3 % 2 F 1 1 % 2 F 1 2 % 2 F i m a g e s % 2 F 2 5 4 5 9 2 . j p g & f b _ o b o = 1 & u t l d = c n n . i o & s t p = c 0 . 5 0 0 0 x 0 . 5 0 0 0 f _ d s t - j p g _ f l f f f f f f _ p 5 0 0 x 2 6 1 _ q 7 5 & c c b = 1 3 - 1 & o h = 0 6 _ A b G 7 h V 2 4 e 6 2 8 Y Z f p M 4 Y L g 7 L E a o N g m R V Z Q Q 7 z a - q 7 3 J 0 t q g & o e = 6 5 5 2 7 4 3 C & _ n c _ s i d = c a 2 0 c 4,https://www.facebook.com/CNNArabic/posts/pfbid0BKqLHt7bpwgZ5ULMj5iu2KfRR6kZHYRnjY3SqLHxk9g6CQGD7BpatvBtaW8DuwErl?__cft__[0]=AZUYQ5Sj7hUOaZpVy8aPYdlP700cZzS8vsqwo8cRan6mTkXDV03NbDw50Tk-aweirg0nf1gbJSGqCMt62zF_YTg5uSy13BD0DAleJABk41dZ-7qeXUN7PsYS3kRuzjAo3RjwbuTmRIFITiUhmA2owFrZenG9kKv5ymtkgcv1d_2w2OOsNbenPCKCTnF03XJ-foD-U-p47rGeCIFD3hiYPREY&__tn__=%2CO%2CP-R,0 & 5 - 0 صلا واي 2 T‏ نذا م ج : انين يني | “ ups_nosPITAL‏ إا ما للا لاه | ١‏ = bt =4 = g SN 05 بس إل‎ 1 ل اما‎ == ا لياو . ال‎
pfbid0q3XjCVKq6CJCCMpoM4wSuKoT5SWyPg9qGEWvwmYxWzXksna8aqBhJVmcN9mfPUaRl,CNNArabic,0,0,الشهر الأكثر دموية بالنسبة للصحفيين بسبب الحرب في #غزة #إنفوجرافيك ,2023-11-12:16:46,h t t p s : / / e x t e r n a l . f t u n 1 5 - 1 . f n a . f b c d n . n e t / e m g 1 / v / t 1 3 / 2 7 7 5 2 8 2 5 2 0 4 2 1 0 4 6 8 0 3 ? u r l = h t t p s % 3 A % 2 F % 2 F c n n - a r a b i c - i m a g e s . c n n . i o % 2 F c l o u d i n a r y % 2 F i m a g e % 2 F u p l o a d % 2 F x _ 0 % 2 C y _ 3 7 2 % 2 C w _ 6 5 8 8 % 2 C h _ 3 7 0 6 % 2 C c _ c r o p % 2 F w _ 1 9 2 0 % 2 C h _ 1 0 0 8 % 2 C c _ f i l l % 2 C q _ a u t o % 2 C g _ c e n t e r % 2 F t _ c n n a r a b i c _ w a t e r m a r k _ l o g o _ v 5 % 2 F c n n a r a b i c % 2 F 2 0 2 3 % 2 F 1 1 % 2 F 1 2 % 2 F i m a g e s % 2 F 2 5 4 5 9 3 . j p g & f b _ o b o = 1 & u t l d = c n n . i o & s t p = c 0 . 5 0 0 0 x 0 . 5 0 0 0 f _ d s t - j p g _ f l f f f f f f _ p 5 0 0 x 2 6 1 _ q 7 5 & c c b = 1 3 - 1 & o h = 0 6 _ A b E v t T M i d M 2 s E e b f k X O 7 A U A T Z S T V 9 i 3 o S W X w p k Y p l m X o s g & o e = 6 5 5 2 C 0 C B & _ n c _ s i d = d b a d 3 9,https://www.facebook.com/CNNArabic/posts/pfbid0q3XjCVKq6CJCCMpoM4wSuKoT5SWyPg9qGEWvwmYxWzXksna8aqBhJVmcN9mfPUaRl?__cft__[0]=AZVdcPYZ7ig4_b7TpJQ-BsMKBMtbDJDTbo_KVmT1aYJFeB_86kFpdVRZp6LEf2q5FS55SFpXRGxdEq0j0b46GXx7a2KoJ7k6kktD16zsZSGA1OjgO1ntTHU4-3vkX175Ut0mY4RLH2ZYtFfKhD-H6RezkRmeigyuDmpY0GemzX43PhevBpMLYC5RansrPirLMetc-ghNFy7gf_Wi61XRyc9I&__tn__=%2CO%2CP-R,"R مال حا‎ e ترايس ار‎ Ut TS O T ا‎ e 1 يها‎ g 4 y “0 ; g -7y , الخد‎ > i"
pfbid0KUVh52cBp4EhnXStwcR3bnrwr6VndiSzQ5XSYakz18W9vY1towwJcHeN2bv2LFsyl,CNNArabic,6,26,#عاجل مباشر.. #نتنياهو لـ #CNN: عدد الضحايا المدنيين في #غزة انخفض.. وأولويتنا هي تدمير #حماس,2023-11-12:16:26,h t t p s : / / e x t e r n a l . f t u n 1 5 - 1 . f n a . f b c d n . n e t / e m g 1 / v / t 1 3 / 4 0 6 8 4 7 4 2 7 4 7 2 8 4 9 7 5 4 0 ? u r l = h t t p s % 3 A % 2 F % 2 F c n n - a r a b i c - i m a g e s . c n n . i o % 2 F c l o u d i n a r y % 2 F i m a g e % 2 F u p l o a d % 2 F w _ 1 9 2 0 % 2 C h _ 1 0 0 8 % 2 C c _ f i l l % 2 C q _ a u t o % 2 C g _ c e n t e r % 2 F t _ c n n a r a b i c _ w a t e r m a r k _ l o g o _ v 5 % 2 F c n n a r a b i c % 2 F 2 0 2 3 % 2 F 1 1 % 2 F 1 2 % 2 F i m a g e s % 2 F 2 5 4 6 1 9 . j p g & f b _ o b o = 1 & u t l d = c n n . i o & s t p = c 0 . 5 0 0 0 x 0 . 5 0 0 0 f _ d s t - j p g _ f l f f f f f f _ p 5 0 0 x 2 6 1 _ q 7 5 & c c b = 1 3 - 1 & o h = 0 6 _ A b E g u r z 6 j l f B k W i V p D 4 a Q m a m C M g I p d i 8 K s f w E x m 1 o 5 1 Q e w & o e = 6 5 5 2 D 3 B 1 & _ n c _ s i d = d b a d 3 9,https://www.facebook.com/CNNArabic/posts/pfbid0KUVh52cBp4EhnXStwcR3bnrwr6VndiSzQ5XSYakz18W9vY1towwJcHeN2bv2LFsyl?__cft__[0]=AZWBdIpTsc60ztX1Tb7XNozJ41nGjeYEzX0YN3JiCDqYnhaYMWz2m8Z_b8E9F8ylujF_qAh7gwOr1s2KYCqS1m1VGIZOP3xfiiKbkV2kcDIeYPvyfttyBH4ciVML2nsT6CuJrkiRwYn09pkvWUdkXVku8RvUhJNTb-YF1DCaMcXn7qCxEIp09jY4UisvFIILZILqFFlM_ueWmdvXotf9XFz_&__tn__=%2CO%2CP-R,"¢\ 4 "" ءءء""‎ | L ‘"
pfbid02M38ytnVs69PFmokTxfYroy9ooX9khvnHUQ8Jw8koH1gKY2udXQC6DcmHgWSmewdml,CNNArabic,0,0,أحدها قد يفاجئك.. هذه أفضل الطرق لمواجهة الآثار الضارة للجلوس لفترة طويلة؟,2023-11-12:16:15,h t t p s : / / e x t e r n a l . f t u n 1 5 - 1 . f n a . f b c d n . n e t / e m g 1 / v / t 1 3 / 9 8 0 9 8 3 9 3 3 4 6 5 3 6 9 9 4 3 7 ? u r l = h t t p s % 3 A % 2 F % 2 F c n n - a r a b i c - i m a g e s . c n n . i o % 2 F c l o u d i n a r y % 2 F i m a g e % 2 F u p l o a d % 2 F w _ 1 9 2 0 % 2 C h _ 1 0 0 8 % 2 C c _ f i l l % 2 C q _ a u t o % 2 C g _ c e n t e r % 2 F t _ c n n a r a b i c _ w a t e r m a r k _ l o g o _ v 5 % 2 F c n n a r a b i c % 2 F 2 0 2 3 % 2 F 1 1 % 2 F 1 2 % 2 F i m a g e s % 2 F 2 5 4 5 6 2 . j p g & f b _ o b o = 1 & u t l d = c n n . i o & s t p = c 0 . 5 0 0 0 x 0 . 5 0 0 0 f _ d s t - j p g _ f l f f f f f f _ p 5 0 0 x 2 6 1 _ q 7 5 & c c b = 1 3 - 1 & o h = 0 6 _ A b H Y I 2 O h M D S A 6 m 1 G w o R 6 n u B f Z Y Y U H 6 U u b s E v v j t 9 K C X N i g & o e = 6 5 5 2 8 0 B E & _ n c _ s i d = d b a d 3 9,https://www.facebook.com/CNNArabic/posts/pfbid02M38ytnVs69PFmokTxfYroy9ooX9khvnHUQ8Jw8koH1gKY2udXQC6DcmHgWSmewdml?__cft__[0]=AZUHv_a_UPWliu8vXYtV1LH-m-PgQ_nS1WflX2PX-B5XJvpxMyH7Y9OAAqi3TghbauJbbZeYdpBRvj02_gBFBV0q8DmzT6OXUCygVUsafmxQ-2C-kUIJBscMIXeO5qzbxZ64CShM-LB9SHKjpzcTDXI7JWJeLpkZrGs_ir61s3KY1xfl0Jt4U0v_h8ZTOI2qX28bT-Ikg3LWB7IZnh9Vh5U5&__tn__=%2CO%2CP-R,i A . €7 حا اله‎ - \ ا ™ ا‎ 3 PR
pfbid02uG3uq3H4H3cSyYXq5mgXistxJy5n7FN9AEQyyNHBaQr4FZtm8r9JaGCZY995L7S5l,CNNArabic,1,2,روبوت غوّاص قد يصل إلى ما لم يصل إليه البشر في أعماق المحيط https://cnn.it/3QTe7YK,2023-11-12:16:13,h t t p s : / / s c o n t e n t . f t u n 1 5 - 1 . f n a . f b c d n . n e t / v / t 1 5 . 5 2 5 6 - 1 0 / 4 0 0 9 8 9 8 8 7 _ 1 2 2 0 1 1 9 8 3 2 4 7 6 8 9 0 _ 7 9 3 0 8 3 1 4 1 6 8 1 9 2 3 3 6 2 5 _ n . j p g ? s t p = d s t - j p g _ p 1 8 0 x 5 4 0 & _ n c _ c a t = 1 0 1 & c c b = 1 - 7 & _ n c _ s i d = 1 a 7 0 2 9 & _ n c _ o h c = P Z V C J W k b 5 l s A X _ C X V 4 h & _ n c _ h t = s c o n t e n t . f t u n 1 5 - 1 . f n a & o h = 0 0 _ A f D 0 N 0 P O y T Y q t R i H M u a M F p 9 w 2 W f L q 5 b t t v 2 O L A N V u O G M Z g & o e = 6 5 5 5 2 A F 4,https://www.facebook.com/CNNArabic/posts/pfbid02uG3uq3H4H3cSyYXq5mgXistxJy5n7FN9AEQyyNHBaQr4FZtm8r9JaGCZY995L7S5l?__cft__[0]=AZXeotUNoreFzaCDJh4aJU5gehu04v1bG9KD9MKXFsuZh51hCrFEE1ELchPCxaYQOaz3TTextTuCRfHutFa1gtfJD-Rh9RLFtlojxwxhvVec_S6KeAAtO8aZc-UD3BERKiIGt7lHTHKmuDp4NoIMgraFKRbqCEKIP2Dp_HdH6x0RTT90wpdtEyFTRRJX6YxSADn0y8TErMbPnY8ObC0sjsmj&__tn__=%2CO%2CP-R,v ~ .o‏ د s‏ BOLD G S ANEIRAT s K‏ ب o‏
pfbid02AzPngasZ9TtfzMVDZ6ytMbJEeLjoKnfLrXhYWucZWHEWAE6xaCrV9e7rrc1P8cbrl,CNNArabic,0,0,#الدوري_الإنجليزي.. مشادة كلامية بين لاعب #نيوكاسل يونايتد ومشجع فريقه,2023-11-12:16:13,h t t p s : / / e x t e r n a l . f t u n 1 5 - 1 . f n a . f b c d n . n e t / e m g 1 / v / t 1 3 / 4 2 8 5 0 5 2 5 3 4 0 7 5 5 0 6 6 9 5 ? u r l = h t t p s % 3 A % 2 F % 2 F c n n - a r a b i c - i m a g e s . c n n . i o % 2 F c l o u d i n a r y % 2 F i m a g e % 2 F u p l o a d % 2 F w _ 1 9 2 0 % 2 C h _ 1 0 0 8 % 2 C c _ f i l l % 2 C q _ a u t o % 2 C g _ c e n t e r % 2 F t _ c n n a r a b i c _ w a t e r m a r k _ l o g o _ v 5 % 2 F c n n a r a b i c % 2 F 2 0 2 3 % 2 F 1 1 % 2 F 1 2 % 2 F i m a g e s % 2 F 2 5 4 5 6 8 . j p g & f b _ o b o = 1 & u t l d = c n n . i o & s t p = c 0 . 5 0 0 0 x 0 . 5 0 0 0 f _ d s t - j p g _ f l f f f f f f _ p 5 0 0 x 2 6 1 _ q 7 5 & c c b = 1 3 - 1 & o h = 0 6 _ A b F F Y T 0 m u g H n G 9 X 8 T x c r 2 b 4 q z - t s i A p S 1 t 4 Q l B x P _ d Q N s A & o e = 6 5 5 2 5 C 2 6 & _ n c _ s i d = d b a d 3 9,https://www.facebook.com/CNNArabic/posts/pfbid02AzPngasZ9TtfzMVDZ6ytMbJEeLjoKnfLrXhYWucZWHEWAE6xaCrV9e7rrc1P8cbrl?__cft__[0]=AZUWnyaUMr72Xrp8qi-yTW71oLoRDpUucYxXPKkSZ4y9nT1Agj_uAG0C7TbJlPK1Jqu0jOZbPxkPiFWA92TrLDpl_tu0xvNWNmzeJIumu2He6LFKWmxvnZjK7c1cfdFPFS9fMsczkXAU1vM2MzvOQNCZQnecK4HZY-EHBJJxtaG3yEPndgjHZzFdi0XNQGA40X9xfNR2qihrsynP052mW0YA&__tn__=%2CO%2CP-R,o gt 1 ;‏ :72 - p ' 2 1‏ ل - 7 21 < 5 ّم م 0 2 /' 1 | ! \ لذ
pfbid02pLo3NuYqDSnSz7jgTCdd1SKc3Vp849wiMqN16ZitNoftYrcfKC21R97YAWHBAnvPl,CNNArabic,0,0,"الحياة مكلفة بميامي فانتقلت إلى كولومبيا.. هل ندمَت على مغادرة ""عاشر أغلى مدينة في العالم""؟",2023-11-12:16:13,h t t p s : / / e x t e r n a l . f t u n 1 5 - 1 . f n a . f b c d n . n e t / e m g 1 / v / t 1 3 / 1 7 2 8 3 1 9 0 3 1 9 9 5 3 2 7 5 9 2 1 ? u r l = h t t p s % 3 A % 2 F % 2 F c n n - a r a b i c - i m a g e s . c n n . i o % 2 F c l o u d i n a r y % 2 F i m a g e % 2 F u p l o a d % 2 F x _ 0 % 2 C y _ 1 0 8 % 2 C w _ 1 8 5 0 % 2 C h _ 1 0 4 1 % 2 C c _ c r o p % 2 F w _ 1 8 5 0 % 2 C h _ 9 7 1 % 2 C c _ f i l l % 2 C q _ a u t o % 2 C g _ c e n t e r % 2 F t _ c n n a r a b i c _ w a t e r m a r k _ l o g o _ v 5 % 2 F c n n a r a b i c % 2 F 2 0 2 3 % 2 F 1 1 % 2 F 0 8 % 2 F i m a g e s % 2 F 2 5 4 2 8 6 . j p g & f b _ o b o = 1 & u t l d = c n n . i o & s t p = c 0 . 5 0 0 0 x 0 . 5 0 0 0 f _ d s t - j p g _ f l f f f f f f _ p 5 0 0 x 2 6 1 _ q 7 5 & c c b = 1 3 - 1 & o h = 0 6 _ A b F M M P A h V k T b L b X 6 e N m s 7 c C I - p m g E u o Q P D Z V p R j Q x S Q o S g & o e = 6 5 5 2 7 1 E 5 & _ n c _ s i d = d b a d 3 9,https://www.facebook.com/CNNArabic/posts/pfbid02pLo3NuYqDSnSz7jgTCdd1SKc3Vp849wiMqN16ZitNoftYrcfKC21R97YAWHBAnvPl?__cft__[0]=AZU9Xg4ofYG63LXA-CM6FwGaYGMPO4HGDVg72yMTZeyWzLyGTazR5n08SAlnapx5LEHT3b6HF7WhI4LPWtQMC2I-8IHA0grNj5SIBkFdejQxKHGAa4jRKU9p8BLimwx7_Bg2uzaAXQrIeCpIK9FJLcQq-dgF5JVUNMxXlN6GbUpIYdwC2uJ5jlethlzJCrOjP_SNTMaw1YG5f36zw1MBaaB4&__tn__=%2CO%2CP-R,NN -- o ا ذبن = - - S 2 © Ui : لقا 0 : 7 1 بل المح ار
pfbid028AUB6P1qfVNauuWUm6nNAZhGwLHidrP8aTga8adcimE23cKuhX7cajrgSiqSqMVEl,CNNArabic,6,15,حزب الله يكشف عن صاروخ برأس متفجر يزن نصف طن ويحذر من تصاعد المواجهة,2023-11-12:16:13,h t t p s : / / e x t e r n a l . f t u n 1 5 - 1 . f n a . f b c d n . n e t / e m g 1 / v / t 1 3 / 1 4 8 1 3 2 2 5 3 5 9 1 4 6 4 4 9 7 9 3 ? u r l = h t t p s % 3 A % 2 F % 2 F c n n - a r a b i c - i m a g e s . c n n . i o % 2 F c l o u d i n a r y % 2 F i m a g e % 2 F u p l o a d % 2 F w _ 1 9 2 0 % 2 C h _ 1 0 0 8 % 2 C c _ f i l l % 2 C q _ a u t o % 2 C g _ c e n t e r % 2 F t _ c n n a r a b i c _ w a t e r m a r k _ l o g o _ v 5 % 2 F t _ c n n a r a b i c _ w a t e r m a r k _ p l a y e r _ i c o n _ v 2 % 2 F c n n a r a b i c % 2 F 2 0 2 3 % 2 F 1 1 % 2 F 1 2 % 2 F i m a g e s % 2 F 2 5 4 5 6 9 . j p g & f b _ o b o = 1 & u t l d = c n n . i o & s t p = c 0 . 5 0 0 0 x 0 . 5 0 0 0 f _ d s t - j p g _ f l f f f f f f _ p 5 0 0 x 2 6 1 _ q 7 5 & c c b = 1 3 - 1 & o h = 0 6 _ A b F x W R p 6 C X g l C 5 G - - J L y o T 0 u D m M d F G B P l Z i y l R 4 c p 6 d f U g & o e = 6 5 5 2 D D A 4 & _ n c _ s i d = d b a d 3 9,https://www.facebook.com/CNNArabic/posts/pfbid028AUB6P1qfVNauuWUm6nNAZhGwLHidrP8aTga8adcimE23cKuhX7cajrgSiqSqMVEl?__cft__[0]=AZVmg9AuRrq0wHV3gsDmMlPiyuxkzag-zR1fzjXLxf3bEwcjKk4apwq0g2PpZRJbCnbq56Szp7GYGefEiXc-RabAx45DlfNKlnpKQc2STB1BogjLzopNdSh1UqSvZ9oaLlQnOMNZ2zJBCkYwyhsuxjolQVQQeuXsE9OIFnpxPYYZTkSJPu1ORo_ietHRvmP2oV94fdyCQiSWNqnGNlyBVfMk&__tn__=%2CO%2CP-R,© 0 = 8 = ا‎ i - A
pfbid02sbQBUuycWSD4t9RRiq6UxvMoNJSfubuEmZpgyLmtpJntgk2pMi2t5ZqV5p2iZ83xl,CNNArabic,0,0,تقرير جديد للأمم المتحدة: ثلث الوفيات المرتبطة بسرطان الجلد سببها العمل في الهواء الطلق ,2023-11-12:15:13,h t t p s : / / e x t e r n a l . f t u n 1 5 - 1 . f n a . f b c d n . n e t / e m g 1 / v / t 1 3 / 4 4 3 8 4 8 8 4 5 3 9 8 3 3 9 7 4 5 6 ? u r l = h t t p s % 3 A % 2 F % 2 F c n n - a r a b i c - i m a g e s . c n n . i o % 2 F c l o u d i n a r y % 2 F i m a g e % 2 F u p l o a d % 2 F w _ 1 9 2 0 % 2 C h _ 1 0 0 8 % 2 C c _ f i l l % 2 C q _ a u t o % 2 C g _ c e n t e r % 2 F t _ c n n a r a b i c _ w a t e r m a r k _ l o g o _ v 5 % 2 F t _ c n n a r a b i c _ w a t e r m a r k _ p l a y e r _ i c o n _ v 2 % 2 F c n n a r a b i c % 2 F 2 0 2 3 % 2 F 1 1 % 2 F 1 2 % 2 F i m a g e s % 2 F 2 5 4 5 5 9 . j p g & f b _ o b o = 1 & u t l d = c n n . i o & s t p = c 0 . 5 0 0 0 x 0 . 5 0 0 0 f _ d s t - j p g _ f l f f f f f f _ p 5 0 0 x 2 6 1 _ q 7 5 & c c b = 1 3 - 1 & o h = 0 6 _ A b H - p M S h c U d 0 m 6 g Y c v u h W C B U C h y v A 5 5 G F 2 E E 3 e O 3 S c N O q g & o e = 6 5 5 2 9 E B 5 & _ n c _ s i d = d b a d 3 9,https://www.facebook.com/CNNArabic/posts/pfbid02sbQBUuycWSD4t9RRiq6UxvMoNJSfubuEmZpgyLmtpJntgk2pMi2t5ZqV5p2iZ83xl?__cft__[0]=AZUGLKQRT5dBu5Pf87CIL9MFmVmso93PS3LUA11XTuD0amaCAQptCmAtbyl4uNBmFvaZay4fjzS9l31nhGB--AXVCwe3yDW6Dg6BP4gnEjV85VU0hyOH5hhH9XXz98T0O4S0fjWcYCe6TA36AS7PnTU_cSi_IbWzg5QUeaQpOlQwXn9NqNFu_WR18iqxvJm4bJB_1SYgK7GDBFPsXIs4RlA0&__tn__=%2CO%2CP-R,B‏ ا يوا ال (L‏ د ا ) ار لاا ارلا e‏ اي ال اا ب كر U e‏ ل ا P‏ LB Sl‏ را الج ا الك B‏ الا لبن .تايا اا R‏ الا e‏ لاط R‏ T‏ ار ال SR s L‏ R‏ ل it SR (N‏ زح الاب SRR e S SR‏ ل ا ا ارا ا الا e T‏ ا لاا ال AT‏ WAL S e it‏ ا W‏ لاطا 8 اا ا 106
pfbid02KyYXRiU5KyfPZE4WchkvbdrtUiV2eihevaSY26GZ871WQkiVm92CDVuYnEMujesPl,CNNArabic,0,1,إدارة الغذاء والدواء توافق على أول لقاح لفيروس الشيكونغونيا.. ما هو هذا المرض؟,2023-11-12:15:13,h t t p s : / / e x t e r n a l . f t u n 1 5 - 1 . f n a . f b c d n . n e t / e m g 1 / v / t 1 3 / 7 6 0 9 4 4 4 6 4 2 0 1 3 0 9 0 5 8 1 ? u r l = h t t p s % 3 A % 2 F % 2 F c n n - a r a b i c - i m a g e s . c n n . i o % 2 F c l o u d i n a r y % 2 F i m a g e % 2 F u p l o a d % 2 F w _ 1 9 2 0 % 2 C h _ 1 0 0 8 % 2 C c _ f i l l % 2 C q _ a u t o % 2 C g _ c e n t e r % 2 F t _ c n n a r a b i c _ w a t e r m a r k _ l o g o _ v 5 % 2 F t _ c n n a r a b i c _ w a t e r m a r k _ p l a y e r _ i c o n _ v 2 % 2 F c n n a r a b i c % 2 F 2 0 2 3 % 2 F 1 1 % 2 F 1 2 % 2 F i m a g e s % 2 F 2 5 4 5 6 5 . j p g & f b _ o b o = 1 & u t l d = c n n . i o & s t p = c 0 . 5 0 0 0 x 0 . 5 0 0 0 f _ d s t - j p g _ f l f f f f f f _ p 5 0 0 x 2 6 1 _ q 7 5 & c c b = 1 3 - 1 & o h = 0 6 _ A b H 0 - 5 r p b d Q w 9 k R q F b m 4 k A n 4 q G v l 2 M b t R j g _ O a v Q G u Q _ C Q & o e = 6 5 5 2 8 E 0 3 & _ n c _ s i d = d b a d 3 9,https://www.facebook.com/CNNArabic/posts/pfbid02KyYXRiU5KyfPZE4WchkvbdrtUiV2eihevaSY26GZ871WQkiVm92CDVuYnEMujesPl?__cft__[0]=AZWLrLBYcXvitTPSd0f6a0wS19IghlTh51ut8b3MeIDJtpilThGhsROzOFymuEdRgmZr2NcvAE557pDE63LQ_xNH_PSD7a0FP-xMsrn6ZNgc4lpojQUiHW4OLjXXv_mOpHCw7WQlWI9tQPVZYYkGb0iG8WZVBPurZzqijjBvb7p3-sgLe0Ajjd9gt0DiOi7876MfC9iiitU9if-kFM6EQsDH&__tn__=%2CO%2CP-R,"s BN AT, الخلا "" اف‎ % ' - N "" -"
pfbid0b7bSePSErKzmdzMkSS73hESCtnRTBs2FKW9oVZqpyHUrURkt5UGWjZif46dBvVrsl,CNNArabic,0,11,عمرو موسى يعلق على قرار #السعودية بدمج القمتين العربية والإسلامية.. ونتائجها بشأن #غزة والقضية الفلسطينيةhttps://cnn.it/3QDyebM,2023-11-12:15:13,h t t p s : / / e x t e r n a l . f t u n 1 5 - 1 . f n a . f b c d n . n e t / e m g 1 / v / t 1 3 / 1 2 6 5 6 9 0 9 2 7 0 9 5 5 5 7 5 5 8 4 ? u r l = h t t p s % 3 A % 2 F % 2 F c n n - a r a b i c - i m a g e s . c n n . i o % 2 F c l o u d i n a r y % 2 F i m a g e % 2 F u p l o a d % 2 F x _ 0 % 2 C y _ 6 0 % 2 C w _ 4 9 3 1 % 2 C h _ 2 7 7 4 % 2 C c _ c r o p % 2 F w _ 1 9 2 0 % 2 C h _ 1 0 0 8 % 2 C c _ f i l l % 2 C q _ a u t o % 2 C g _ c e n t e r % 2 F t _ c n n a r a b i c _ w a t e r m a r k _ l o g o _ v 5 % 2 F c n n a r a b i c % 2 F 2 0 2 3 % 2 F 1 1 % 2 F 1 2 % 2 F i m a g e s % 2 F 2 5 4 5 7 0 . j p g & f b _ o b o = 1 & u t l d = c n n . i o & s t p = c 0 . 5 0 0 0 x 0 . 5 0 0 0 f _ d s t - j p g _ f l f f f f f f _ p 5 0 0 x 2 6 1 _ q 7 5 & c c b = 1 3 - 1 & o h = 0 6 _ A b G Y D L D I E w O z y d a i I F k U c z x o R E r 0 O f b Y 4 J k U n f M z E - N O U Q & o e = 6 5 5 2 8 9 F 7 & _ n c _ s i d = d b a d 3 9,https://www.facebook.com/CNNArabic/posts/pfbid0b7bSePSErKzmdzMkSS73hESCtnRTBs2FKW9oVZqpyHUrURkt5UGWjZif46dBvVrsl?__cft__[0]=AZW1iMGJvCCoJHouuGu-RIVMqxhibykAVGLEuhDNq5vh8FQ9ifuCUfdBzx0M7qZhDocySKBWbl9C8lxtkzEJSZQ50uQk8Zd_9q12qos3HBTDROof96ImSDaPNfmvFY6CSXhflB589IklMdR1EaO1RVzF_YZKFqyp0Ik_X4rxfPU5pHVodvs1LRtZT0fpTD6gE2OFWpS8o0S_hJthA32GVyIo&__tn__=%2CO%2CP-R,@\ Py 0 S g
pfbid02yeqbM6iN15tPQMSc2Bo7f5eKUeZu9wUJxRKrhLEqzjcZKuWywY7yLhs4Cchg2aHVl,CNNArabic,0,2,"5 أخبار لا ينبغي أن تفوتك لهذا اليوم:1- شاهد.. #لندن تشهد مُظاهرة ضخمة مؤيدة للفلسطينيين و #غزة https://cnn.it/3uhUssm2- تقرير: مقتل 40 صحفياً على الأقل بخمسة أسابيع من الصراع بين إسرائيل وغزة https://cnn.it/3SCWpKd3- الأمن السعودي يعلن اعتقال 4 مقيمين.. سطوا على مستودعات شركات واستولوا على بضائعها https://cnn.it/3FXqFYS4- أحدها قد يفاجئك.. هذه أفضل الطرق لمواجهة الآثار الضارة للجلوس لفترة طويلة؟ https://cnn.it/46dzPuG5- تغريدة ""مُثيرة"" من حساب نادي النصر عن الحكام.. وهذا ما فعله كريستيانو رونالدو https://cnn.it/47vg0A2",2023-11-12:14:14,h t t p s : / / s c o n t e n t . f t u n 1 5 - 1 . f n a . f b c d n . n e t / v / t 3 9 . 3 0 8 0 8 - 6 / 4 0 0 1 4 9 2 5 7 _ 7 2 8 3 8 8 0 6 2 6 6 3 1 0 4 _ 4 8 6 0 8 7 1 1 2 3 1 3 3 1 3 4 7 6 6 _ n . j p g ? s t p = d s t - j p g _ p 5 2 6 x 2 9 6 & _ n c _ c a t = 1 0 5 & c c b = 1 - 7 & _ n c _ s i d = 5 f 2 0 4 8 & _ n c _ o h c = 2 3 - Z n E C F _ x U A X 8 p w _ 9 9 & _ n c _ h t = s c o n t e n t . f t u n 1 5 - 1 . f n a & o h = 0 0 _ A f C L Z H O o a _ B C 3 s u 8 t P F J J d c i X _ I o k D W D d B V 4 Z t g X R d 8 u 3 A & o e = 6 5 5 6 2 3 7 C,https://www.facebook.com/CNNArabic/posts/pfbid02yeqbM6iN15tPQMSc2Bo7f5eKUeZu9wUJxRKrhLEqzjcZKuWywY7yLhs4Cchg2aHVl?__cft__[0]=AZW98n2TXkuJn0a7lLgHBrmMVa4cnzRPiauWs-vYsRYjo8KInKY5UDfFX9UvCvjJ-zcz8oXIXwxSAqg-bxBIizRKzXOj0uakrjkfzjsIJ2d8XKHCyjBB3HwcIievZTBFe_IICIqaumSU6pEClVhML67A_qxlQEVLf0y48ThskNBsCnqDkWRT9g0iNG3JX_O_qEz3M7kXv3N72631cJlN4tfj&__tn__=%2CO%2CP-R,"- 24 | 5 أخبار , لا ينبغي أن تفوتك 1 . ٍ € O 7م لهذا اليوم‎ o . -_"
pfbid02NwzCsjCDDrrJo1K6BvK9gxuUzZiFpRJPvkgZXQ2f9kQyiVHowYFMyFoVkozLDAwtl,CNNArabic,0,0,الأمن السعودي يعلن اعتقال 4 مقيمين.. سطوا على مستودعات شركات واستولوا على بضائعها,2023-11-12:14:14,h t t p s : / / e x t e r n a l . f t u n 1 5 - 1 . f n a . f b c d n . n e t / e m g 1 / v / t 1 3 / 1 8 4 4 0 2 7 1 6 3 0 9 3 6 2 4 2 1 6 ? u r l = h t t p s % 3 A % 2 F % 2 F c n n - a r a b i c - i m a g e s . c n n . i o % 2 F c l o u d i n a r y % 2 F i m a g e % 2 F u p l o a d % 2 F w _ 1 9 2 0 % 2 C h _ 1 0 0 8 % 2 C c _ f i l l % 2 C q _ a u t o % 2 C g _ c e n t e r % 2 F t _ c n n a r a b i c _ w a t e r m a r k _ l o g o _ v 5 % 2 F c n n a r a b i c % 2 F 2 0 2 3 % 2 F 1 1 % 2 F 1 2 % 2 F i m a g e s % 2 F 2 5 4 5 6 3 . j p g & f b _ o b o = 1 & u t l d = c n n . i o & s t p = c 0 . 5 0 0 0 x 0 . 5 0 0 0 f _ d s t - j p g _ f l f f f f f f _ p 5 0 0 x 2 6 1 _ q 7 5 & c c b = 1 3 - 1 & o h = 0 6 _ A b E _ J c a u 4 u s k Y p u 4 9 n 7 b g _ C o T e _ R E Y W _ x p R w b Y Q f e h 8 z X Q & o e = 6 5 5 2 A 3 A 5 & _ n c _ s i d = d b a d 3 9,https://www.facebook.com/CNNArabic/posts/pfbid02NwzCsjCDDrrJo1K6BvK9gxuUzZiFpRJPvkgZXQ2f9kQyiVHowYFMyFoVkozLDAwtl?__cft__[0]=AZUTr8ZSXRczuPS24nXEo96VIFzOJerKcISDqYLrTKR7-v1fkyqnAn4cUNcc7KVXKSwG3y37fX6wmROSc4GkgBlHXi0kZKvfSZw9EJB3TUSBwylEXw2R8wq5lKIUfooTWRr0QVvuJM5CboyPot6GY8kRwj6O3z7jCpZYg-F-TwSVt422s8sPIzs4Z40G6wuLlO6QNwYI3rAaUGYVYqOyUDfz&__tn__=%2CO%2CP-R,لسن ل N‏ : واحجت سح د |
pfbid0CDbjjwrmssXkqETwAhPeUysgAeB1Mu9m3iKFFBjrzzKKpTLsrkLzsy6ZTVvkC97Ul,CNNArabic,0,9,"خلال لقائه #ميقاتي..الرئيس الإيراني يشيد بحزب الله.. ويرد على ادعاء بـ""تلقي فصائل المقاومة أوامر من #طهران""",2023-11-12:14:14,h t t p s : / / e x t e r n a l . f t u n 1 5 - 1 . f n a . f b c d n . n e t / e m g 1 / v / t 1 3 / 1 4 5 8 9 6 4 5 2 5 8 3 7 1 3 1 7 6 2 8 ? u r l = h t t p s % 3 A % 2 F % 2 F c n n - a r a b i c - i m a g e s . c n n . i o % 2 F c l o u d i n a r y % 2 F i m a g e % 2 F u p l o a d % 2 F w _ 1 9 2 0 % 2 C h _ 1 0 0 8 % 2 C c _ f i l l % 2 C q _ a u t o % 2 C g _ c e n t e r % 2 F t _ c n n a r a b i c _ w a t e r m a r k _ l o g o _ v 5 % 2 F c n n a r a b i c % 2 F 2 0 2 3 % 2 F 1 1 % 2 F 1 2 % 2 F i m a g e s % 2 F 2 5 4 5 6 7 . j p g & f b _ o b o = 1 & u t l d = c n n . i o & s t p = c 0 . 5 0 0 0 x 0 . 5 0 0 0 f _ d s t - j p g _ f l f f f f f f _ p 5 0 0 x 2 6 1 _ q 7 5 & c c b = 1 3 - 1 & o h = 0 6 _ A b H w _ e A x v W G E F X F d m 5 D 1 N D l U 0 l 0 n N 9 z D h P p g T D l x c A M Z G A & o e = 6 5 5 2 6 3 5 A & _ n c _ s i d = d b a d 3 9,https://www.facebook.com/CNNArabic/posts/pfbid0CDbjjwrmssXkqETwAhPeUysgAeB1Mu9m3iKFFBjrzzKKpTLsrkLzsy6ZTVvkC97Ul?__cft__[0]=AZUyfwAgDXpjap1tapRVOiRAd1ADaqwhCmPRUz1yeFB9pTDGB1qpOoVP3H5DyP2bicaf31Jw8_irKkSRrIWdqdN9cE-pF1AR3nIHrmZHj0RVlh6bn-rO4lkztPAr5NxceMMsnNG6d0zQcPqlEkXp8aZ3LV06D9RUJqZl6X_I_WbWs3ntJfBD5-mbG7vk3IbRlkt6t6SzvpWnJ56m9xEnXF0n&__tn__=%2CO%2CP-R,7 ( N P اع‎ | أل“‎ ١ با م‎
pfbid0jGaoa9C9cvQQjzGbiZsnwqh7g9rcLQWDabtAd15Xynnbg6SDyJKCaKvMq6jYHiA3l,CNNArabic,0,2,أفعى مجلجلة تعض سائقة أمازون التي كانت توصل طردا.. ماذا حدث لها؟ ,2023-11-12:14:14,h t t p s : / / e x t e r n a l . f t u n 1 5 - 1 . f n a . f b c d n . n e t / e m g 1 / v / t 1 3 / 2 4 8 1 4 7 6 8 2 6 7 0 7 4 7 1 8 5 9 ? u r l = h t t p s % 3 A % 2 F % 2 F c n n - a r a b i c - i m a g e s . c n n . i o % 2 F c l o u d i n a r y % 2 F i m a g e % 2 F u p l o a d % 2 F w _ 1 9 2 0 % 2 C h _ 1 0 0 8 % 2 C c _ f i l l % 2 C q _ a u t o % 2 C g _ c e n t e r % 2 F t _ c n n a r a b i c _ w a t e r m a r k _ l o g o _ v 5 % 2 F t _ c n n a r a b i c _ w a t e r m a r k _ p l a y e r _ i c o n _ v 2 % 2 F c n n a r a b i c % 2 F 2 0 2 3 % 2 F 1 1 % 2 F 1 2 % 2 F i m a g e s % 2 F 2 5 4 5 5 6 . j p g & f b _ o b o = 1 & u t l d = c n n . i o & s t p = c 0 . 5 0 0 0 x 0 . 5 0 0 0 f _ d s t - j p g _ f l f f f f f f _ p 5 0 0 x 2 6 1 _ q 7 5 & c c b = 1 3 - 1 & o h = 0 6 _ A b E l Z H h 2 W O U 7 T g t X c u V l t X V f W Y l n k z J g X O W 4 l 9 6 - u l r g X g & o e = 6 5 5 2 C 8 E 8 & _ n c _ s i d = d b a d 3 9,https://www.facebook.com/CNNArabic/posts/pfbid0jGaoa9C9cvQQjzGbiZsnwqh7g9rcLQWDabtAd15Xynnbg6SDyJKCaKvMq6jYHiA3l?__cft__[0]=AZUZvUwEUq4Gao588gX0whWescPTom4ng8vs0QW5d20DGZonoz3DZWcxMyxpWwEkTj0cayaLSfu_BSELDknvKOCkF-RTPixkPlymd72RCPHuWjALeY-aMbfUQZYJRrox73hGmNS2OT3bmEpsaIeF5vWlkkMWvznBAWTkRbi6sr_i685vFVn_H-4zO-bOh_ViczVPbvE5zVzTFvXhsjvzS-1Q&__tn__=%2CO%2CP-R,ا 1 ]@( 8
pfbid0PzVNyzaR8e5ctECrqfDGxMttbUECj7vb6XdTQTorRJEsXkhZKBKEHp6HzRdZ2jYyl,CNNArabic,1,18,القمة العربية الإسلامية حول #غزة.. لماذا خالف بيانها الختامي توقعات كثيرين؟,2023-11-12:13:14,h t t p s : / / e x t e r n a l . f t u n 1 5 - 1 . f n a . f b c d n . n e t / e m g 1 / v / t 1 3 / 7 0 3 1 7 0 0 1 9 3 2 4 3 8 0 8 1 8 9 ? u r l = h t t p s % 3 A % 2 F % 2 F c n n - a r a b i c - i m a g e s . c n n . i o % 2 F c l o u d i n a r y % 2 F i m a g e % 2 F u p l o a d % 2 F w _ 1 9 2 0 % 2 C h _ 1 0 0 8 % 2 C c _ f i l l % 2 C q _ a u t o % 2 C g _ c e n t e r % 2 F t _ c n n a r a b i c _ w a t e r m a r k _ l o g o _ v 5 % 2 F t _ c n n a r a b i c _ w a t e r m a r k _ p l a y e r _ i c o n _ v 2 % 2 F c n n a r a b i c % 2 F 2 0 2 3 % 2 F 1 1 % 2 F 1 2 % 2 F i m a g e s % 2 F 2 5 4 5 4 7 . j p g & f b _ o b o = 1 & u t l d = c n n . i o & s t p = c 0 . 5 0 0 0 x 0 . 5 0 0 0 f _ d s t - j p g _ f l f f f f f f _ p 5 0 0 x 2 6 1 _ q 7 5 & c c b = 1 3 - 1 & o h = 0 6 _ A b E Y W B H g R r 4 4 t 6 j q u m o o J J w c h A r I z r p R y U 7 0 9 h C S A D y p H Q & o e = 6 5 5 2 C D 3 2 & _ n c _ s i d = d b a d 3 9,https://www.facebook.com/CNNArabic/posts/pfbid0PzVNyzaR8e5ctECrqfDGxMttbUECj7vb6XdTQTorRJEsXkhZKBKEHp6HzRdZ2jYyl?__cft__[0]=AZXlEXLatxiFEAP2iaAdgW_mnZuB1GigztxlZBeYnJUAUG4mvXgO5EHm16wKfNGQE4xdyyDybPdCDXfHHqbNKIjcdAZrLKH6OE_2QQ236uIUnj9S6EhMTRwRhfBsqL0bMEH4QweO3CSF2VvUTi5OnYgr7wtCRBgzVptOFiFcIYBMCLpMjxBUJ1ox1CtWWUfhPQ-BGG_-2793B9qX1vpCK-Zo&__tn__=%2CO%2CP-R,
pfbid02KUvy8cj86YPa8NatWsbZ3ninJNGTZkreGCHWdm7H9T4kC1SP2Jm8wMSGk6h8rqNQl,CNNArabic,3,7,شاهد.. #لندن تشهد مُظاهرة ضخمة مؤيدة للفلسطينيين و #غزة,2023-11-12:13:14,h t t p s : / / e x t e r n a l . f t u n 1 5 - 1 . f n a . f b c d n . n e t / e m g 1 / v / t 1 3 / 1 2 0 0 8 2 2 4 1 3 0 0 0 6 2 3 3 9 2 ? u r l = h t t p s % 3 A % 2 F % 2 F c n n - a r a b i c - i m a g e s . c n n . i o % 2 F c l o u d i n a r y % 2 F i m a g e % 2 F u p l o a d % 2 F w _ 1 9 2 0 % 2 C h _ 1 0 0 8 % 2 C c _ f i l l % 2 C q _ a u t o % 2 C g _ c e n t e r % 2 F t _ c n n a r a b i c _ w a t e r m a r k _ l o g o _ v 5 % 2 F t _ c n n a r a b i c _ w a t e r m a r k _ p l a y e r _ i c o n _ v 2 % 2 F c n n a r a b i c % 2 F 2 0 2 3 % 2 F 1 1 % 2 F 1 2 % 2 F i m a g e s % 2 F 2 5 4 5 6 4 . j p g & f b _ o b o = 1 & u t l d = c n n . i o & s t p = c 0 . 5 0 0 0 x 0 . 5 0 0 0 f _ d s t - j p g _ f l f f f f f f _ p 5 0 0 x 2 6 1 _ q 7 5 & c c b = 1 3 - 1 & o h = 0 6 _ A b H H W Z b 9 u W h l S 3 X a O V b Q H j A U E b d C V O b U d c t U T E i z q d z A i w & o e = 6 5 5 2 E 4 C E & _ n c _ s i d = d b a d 3 9,https://www.facebook.com/CNNArabic/posts/pfbid02KUvy8cj86YPa8NatWsbZ3ninJNGTZkreGCHWdm7H9T4kC1SP2Jm8wMSGk6h8rqNQl?__cft__[0]=AZXn8YowGa-wEX1iwjHqBhddTH3py5DL4ZB6JeylnVBtozGgB0tACNzT8z68Kbb3MuPFJJdPk-Fmqj8vFs5qppH2lYqIPmiG4r54pzW0TTqepMY8APEaPFApO80EvrOUMd7fk-yOM8UkVss5nODA-aWPJZpyyjZqG4zXwsSuoHX6FPRHTJ4APgAcG0XvEj8E-lukNFOz6iZASWD1GWkrTjO9&__tn__=%2CO%2CP-R,AT a2‏ 7 ليت الم € 680 تيا F\ %f‏ ا ا الو o s‏ اانا 2 سداد 0
pfbid079PSTxbvrBsxRrJX8XS8RdcGJtq6vsgS5BGgzVZBL1DGwiZ2eb61xXZacBYZ69RJl,CNNArabic,0,4,زوجان أستراليان ينشآن أول مزرعة ألبان جاموس في لاوس.. كيف فعلا ذلك؟ ,2023-11-12:13:14,h t t p s : / / e x t e r n a l . f t u n 1 5 - 1 . f n a . f b c d n . n e t / e m g 1 / v / t 1 3 / 7 3 7 9 3 8 8 6 7 4 4 4 0 4 8 2 2 4 7 ? u r l = h t t p s % 3 A % 2 F % 2 F c n n - a r a b i c - i m a g e s . c n n . i o % 2 F c l o u d i n a r y % 2 F i m a g e % 2 F u p l o a d % 2 F w _ 1 9 2 0 % 2 C h _ 1 0 0 8 % 2 C c _ f i l l % 2 C q _ a u t o % 2 C g _ c e n t e r % 2 F t _ c n n a r a b i c _ w a t e r m a r k _ l o g o _ v 5 % 2 F c n n a r a b i c % 2 F 2 0 2 3 % 2 F 1 1 % 2 F 0 6 % 2 F i m a g e s % 2 F 2 5 4 0 9 7 . j p g & f b _ o b o = 1 & u t l d = c n n . i o & s t p = c 0 . 5 0 0 0 x 0 . 5 0 0 0 f _ d s t - j p g _ f l f f f f f f _ p 5 0 0 x 2 6 1 _ q 7 5 & c c b = 1 3 - 1 & o h = 0 6 _ A b E 3 3 _ 6 E 1 c q H F y D 5 U h y B v u S u H j y E o Z 8 S Y J 2 x a d c M j U n _ 7 w & o e = 6 5 5 2 7 F 4 1 & _ n c _ s i d = d b a d 3 9,https://www.facebook.com/CNNArabic/posts/pfbid079PSTxbvrBsxRrJX8XS8RdcGJtq6vsgS5BGgzVZBL1DGwiZ2eb61xXZacBYZ69RJl?__cft__[0]=AZW8kyJQT3pZquzmXK3kyiusy-QRXSREdsDMQDWOTuOQ8FRmsqBqeHbeZSLOge1anZEp7xaH64E0VQZUymz9qbFA8C2VhI2cc1Wpi_L3mtC9ASCdimxnUJaI1Tu6dTt7KhmXZHx9W1EKgh9WG8_QTbWKfNXudhpKmYahECTH3iAmnRLkgGlr5Ef9wfed1mAjV7QvGIZ2Wal_2b7Lv5jqs16w&__tn__=%2CO%2CP-R,"L الي‎ * - e, -"
pfbid0244iejAxUc6RTXcKdX4RWdwtbhs3pu9aHvy6XSUkYHi3eACAuW9zj6vNFjpwGfSS6l,CNNArabic,0,0,"خلال مسيرة في تل أبيب.. عائلات الرهائن للحكومة الإسرائيلية: ""أعيدوهم إلى الوطن الآن""",2023-11-12:13:15,h t t p s : / / e x t e r n a l . f t u n 1 5 - 1 . f n a . f b c d n . n e t / e m g 1 / v / t 1 3 / 3 3 1 7 6 0 5 7 6 7 5 4 3 6 4 1 5 9 4 ? u r l = h t t p s % 3 A % 2 F % 2 F c n n - a r a b i c - i m a g e s . c n n . i o % 2 F c l o u d i n a r y % 2 F i m a g e % 2 F u p l o a d % 2 F w _ 1 9 2 0 % 2 C h _ 1 0 0 8 % 2 C c _ f i l l % 2 C q _ a u t o % 2 C g _ c e n t e r % 2 F t _ c n n a r a b i c _ w a t e r m a r k _ l o g o _ v 5 % 2 F c n n a r a b i c % 2 F 2 0 2 3 % 2 F 1 1 % 2 F 1 2 % 2 F i m a g e s % 2 F 2 5 4 5 6 1 . j p g & f b _ o b o = 1 & u t l d = c n n . i o & s t p = c 0 . 5 0 0 0 x 0 . 5 0 0 0 f _ d s t - j p g _ f l f f f f f f _ p 5 0 0 x 2 6 1 _ q 7 5 & c c b = 1 3 - 1 & o h = 0 6 _ A b H o X r D I u _ r E s O Z _ Y V 7 J v P R - a O h k 9 3 O F c 4 I N c F N 7 W c P Y h w & o e = 6 5 5 2 6 A A 7 & _ n c _ s i d = d b a d 3 9,https://www.facebook.com/CNNArabic/posts/pfbid0244iejAxUc6RTXcKdX4RWdwtbhs3pu9aHvy6XSUkYHi3eACAuW9zj6vNFjpwGfSS6l?__cft__[0]=AZXc4mxTSlchmmGXWW2WF_mJoCyJLrdqjA_Zk7tihV1LDDWN9eerjKphVwrLeH3tdbOYtRW1OMJyAVlPj7Zz95zQRYnPKAHe-OjmoQrWI_UpisWRCf8vghcoX3R79c6u1vYHuTySceDSUD2kANhZBfdB0AYpNTlmHsO960z7lichn5YVhGh25A715-QnC2ZADgC64pHBssoxz6rU_URA0huw&__tn__=%2CO%2CP-R,"0 ل ا ل g‏ ا ل \""{4;‘ 4 3% 298 2 يه X N 0"" .-‏ لجال O‏ - ينا SRS‏ يا ارجا دا مي Sl B‏"
pfbid09QYoDN3FpVTUQM3dAZt8vWgqX2qhMCZfmnuWpSPkV5evX9SsUzTbsQ7PPTy7RXG4l,CNNArabic,0,0,شاهد لحظة تنفيذ الجيش الأردني عملية إنزال جوي لمساعدات طبية في #غزة للمرة الثانية https://cnn.it/40yifR8,2023-11-12:12:15,h t t p s : / / s c o n t e n t . f t u n 1 5 - 1 . f n a . f b c d n . n e t / v / t 1 5 . 5 2 5 6 - 1 0 / 3 7 1 5 3 9 0 0 3 _ 5 8 2 1 2 3 4 1 0 7 0 7 0 1 7 _ 7 7 2 3 0 9 9 0 2 6 8 8 0 9 1 8 9 0 5 _ n . j p g ? s t p = d s t - j p g _ p 1 8 0 x 5 4 0 & _ n c _ c a t = 1 0 0 & c c b = 1 - 7 & _ n c _ s i d = 1 a 7 0 2 9 & _ n c _ o h c = t d Y z Z P K G z I A A X _ 1 N h O K & _ n c _ h t = s c o n t e n t . f t u n 1 5 - 1 . f n a & o h = 0 0 _ A f D c g k D v 4 8 D E 2 Y o R J H J Z p e p M Q o x h H M x Y F w _ O t 0 a y 2 1 U u f Q & o e = 6 5 5 5 D 7 4 0,https://www.facebook.com/CNNArabic/posts/pfbid09QYoDN3FpVTUQM3dAZt8vWgqX2qhMCZfmnuWpSPkV5evX9SsUzTbsQ7PPTy7RXG4l?__cft__[0]=AZXjqtFHpZhHiPXNlK5MbEbxkj_2ZHsrdlTEj1C_LqD-eF7vyySMnEbfr8sjdgdie6-oYCW78_D6Ug-0ZKumPnxef-_y9DN5Otd7EwJ6TLbpaH7nXqIBYP7udbHvP5pmU3szpAqvQP0f1dyqCqaWioFCFhH38Wte2gmNHW2yBYSLyUA5aQ5V_MELBzsEEJFti_Q8VaptTXKP5EU1GkAp3uGg&__tn__=%2CO%2CP-R,"N 4 \ 7 b T 1 حير‎ 1 ‘ 8 !' -َ << ا ال‎ g v s §'; N R NN, < 1 e PR I 0 Y 0 ١١١ | | & ¢! \ 1 2.\ ( | | St fi‘ : ""0 g =S ‘ % N §- = 0 ١١ الا‎ 5 T NN AN 0 ب الا د تاس وها ذا‎ 17 2 اح م لا‎ : J e - حا ل ا‎ < A نا‎ 8 ""َ > :"
pfbid02KBtqQzzHGXhaBU9gRBHsgG5FkmA4t4wFqoKSzEtWmptvBcHuSgBwET2uYyuLz8hXl,CNNArabic,0,0,ارتفاع مثير للقلق في حالات العدوى التي قد تهدد حياة الأطفال.. لماذا يعاني الكثير من الأطفال من مرض الزهري؟https://cnn.it/40AVkVh,2023-11-12:12:15,h t t p s : / / e x t e r n a l . f t u n 1 5 - 1 . f n a . f b c d n . n e t / e m g 1 / v / t 1 3 / 5 5 8 1 9 7 2 1 7 4 5 2 0 9 9 8 4 2 8 ? u r l = h t t p s % 3 A % 2 F % 2 F c n n - a r a b i c - i m a g e s . c n n . i o % 2 F c l o u d i n a r y % 2 F i m a g e % 2 F u p l o a d % 2 F w _ 1 9 2 0 % 2 C h _ 1 0 0 8 % 2 C c _ f i l l % 2 C q _ a u t o % 2 C g _ c e n t e r % 2 F t _ c n n a r a b i c _ w a t e r m a r k _ l o g o _ v 5 % 2 F t _ c n n a r a b i c _ w a t e r m a r k _ p l a y e r _ i c o n _ v 2 % 2 F c n n a r a b i c % 2 F 2 0 2 3 % 2 F 1 1 % 2 F 1 2 % 2 F i m a g e s % 2 F 2 5 4 5 5 5 . j p g & f b _ o b o = 1 & u t l d = c n n . i o & s t p = c 0 . 5 0 0 0 x 0 . 5 0 0 0 f _ d s t - j p g _ f l f f f f f f _ p 5 0 0 x 2 6 1 _ q 7 5 & c c b = 1 3 - 1 & o h = 0 6 _ A b G G K M b y J x L t B J l V A i H j 3 Y l k 2 Q i F O s z u F a _ _ u 7 V n X c p y F w & o e = 6 5 5 2 C 4 8 D & _ n c _ s i d = d b a d 3 9,https://www.facebook.com/CNNArabic/posts/pfbid02KBtqQzzHGXhaBU9gRBHsgG5FkmA4t4wFqoKSzEtWmptvBcHuSgBwET2uYyuLz8hXl?__cft__[0]=AZWer0X7Xk5PifGWbAtwuAnJ1eur9NcZXQGu66cmxC1vdS8B0IfW0PGC8JLGpJoNJtOgYU7abNI8l21B55AZXtgUY1kSRCUpj8L-n-ryQtegHw2sWuDf3S1USl76b21B58elMhOTwDYdMZ9jMJpXII1uJZj2LrlH8obPYxX-ntxfXXXTOGpgTgXjOeFcqRV2SrsRWZLVJryjDctOSD819XGg&__tn__=%2CO%2CP-R,ؤ 1 - ¢ ل Ry‏ ¥ .
pfbid0iaHVKMhK3pVw11eLzTcQJnKCSCu9AaTYFEFC6eowwhscz7hZbGRwNRFuuwL8wGZyl,CNNArabic,0,0,الجيش الإسرائيلي يعلن فتح ممر إخلاء بالقرب من #مستشفى_الشفاء في #غزة,2023-11-12:12:15,h t t p s : / / e x t e r n a l . f t u n 1 5 - 1 . f n a . f b c d n . n e t / e m g 1 / v / t 1 3 / 2 8 0 1 4 6 3 9 0 3 8 6 8 8 8 2 0 2 3 ? u r l = h t t p s % 3 A % 2 F % 2 F c n n - a r a b i c - i m a g e s . c n n . i o % 2 F c l o u d i n a r y % 2 F i m a g e % 2 F u p l o a d % 2 F x _ 0 % 2 C y _ 0 % 2 C w _ 4 7 0 7 % 2 C h _ 2 6 4 7 % 2 C c _ c r o p % 2 F w _ 1 9 2 0 % 2 C h _ 1 0 0 8 % 2 C c _ f i l l % 2 C q _ a u t o % 2 C g _ c e n t e r % 2 F t _ c n n a r a b i c _ w a t e r m a r k _ l o g o _ v 5 % 2 F c n n a r a b i c % 2 F 2 0 2 3 % 2 F 1 1 % 2 F 1 2 % 2 F i m a g e s % 2 F 2 5 4 5 6 0 . j p g & f b _ o b o = 1 & u t l d = c n n . i o & s t p = c 0 . 5 0 0 0 x 0 . 5 0 0 0 f _ d s t - j p g _ f l f f f f f f _ p 5 0 0 x 2 6 1 _ q 7 5 & c c b = 1 3 - 1 & o h = 0 6 _ A b F m 3 D 2 - M Z H 3 b 7 M V C e C c T C O E o w F i 1 U r I j I l X N 2 R 5 l y d z X w & o e = 6 5 5 2 B E A 7 & _ n c _ s i d = d b a d 3 9,https://www.facebook.com/CNNArabic/posts/pfbid0iaHVKMhK3pVw11eLzTcQJnKCSCu9AaTYFEFC6eowwhscz7hZbGRwNRFuuwL8wGZyl?__cft__[0]=AZU6oDBCYfHDg6VUHQDpCXIDSrVePE9cvkKKFJYchhxExQUkyodAaj_JQ_zXp6718WSYWUb7OLmyD6p_tPnOYJzXgc57jusZgSm12OTxIUorPhqD7fL1pNRBy0EaaAhK6BisbbIoooZxfssPzxQS_hpsroBMjRtxH5RXVT340oZfjuNe1LMZTqKRAA-5VNfuok5W50vQdq-8o-T9znWO8jRS&__tn__=%2CO%2CP-R,1 ل
pfbid02gZkrPtVd3oT4PHfbEPEYQQDezr2aivT4FtRwXi37HvntGZ8Jkz7YcExVUqyrVj5hl,CNNArabic,0,0,شاهد لحظة تنفيذ الجيش الأردني عملية إنزال جوي لمساعدات طبية في #غزة للمرة الثانية ,2023-11-12:12:15,h t t p s : / / e x t e r n a l . f t u n 1 5 - 1 . f n a . f b c d n . n e t / e m g 1 / v / t 1 3 / 1 4 9 3 6 5 8 1 8 8 3 7 7 8 2 1 3 8 0 9 ? u r l = h t t p s % 3 A % 2 F % 2 F c n n - a r a b i c - i m a g e s . c n n . i o % 2 F c l o u d i n a r y % 2 F i m a g e % 2 F u p l o a d % 2 F w _ 1 9 2 0 % 2 C h _ 1 0 0 8 % 2 C c _ f i l l % 2 C q _ a u t o % 2 C g _ c e n t e r % 2 F t _ c n n a r a b i c _ w a t e r m a r k _ l o g o _ v 5 % 2 F t _ c n n a r a b i c _ w a t e r m a r k _ p l a y e r _ i c o n _ v 2 % 2 F c n n a r a b i c % 2 F 2 0 2 3 % 2 F 1 1 % 2 F 1 2 % 2 F i m a g e s % 2 F 2 5 4 5 5 4 . j p g & f b _ o b o = 1 & u t l d = c n n . i o & s t p = c 0 . 5 0 0 0 x 0 . 5 0 0 0 f _ d s t - j p g _ f l f f f f f f _ p 5 0 0 x 2 6 1 _ q 7 5 & c c b = 1 3 - 1 & o h = 0 6 _ A b H l A i 9 g J 1 c l 1 R w J e R Z C O u i u h D V o 4 L F 1 4 _ k K 4 v 8 K f 1 u S J A & o e = 6 5 5 2 7 B 9 4 & _ n c _ s i d = d b a d 3 9,https://www.facebook.com/CNNArabic/posts/pfbid02gZkrPtVd3oT4PHfbEPEYQQDezr2aivT4FtRwXi37HvntGZ8Jkz7YcExVUqyrVj5hl?__cft__[0]=AZW3g_4lNPy7DzYxViaZPN8ICe2TvtISTZ41z97OlgiwUW2Zu7_e0IiAytStu-BMZ6avp3m7klGL1EpStlm5MhqlyisqA48svZ8zE0KVfhoNMXy8r5CT2S2XYivINfSJbptge2MYd4Xt2pxVngKFHrBb2Qu0v8Nb374ffhKFqf3gt_sPEvfirVsLNqDhieLAs17fsRDgkmEM-2P4S4fMke98&__tn__=%2CO%2CP-R,el‏ ا g ¥‏ S éé:‏ عدب i ! it‏ 8< ا
pfbid0patBo3ApZkUZS9NPJdoHiP5HhmMafuKGjFWigZwkcNfFmmM7N1vXVqSr7xfTFMeKl,CNNArabic,1,5,المعارك تشتد بمحيط مستشفى الشفاء في #غزة.. أزمة إنسانية تتكشف ووضع كارثي يتفاقم,2023-11-12:11:15,h t t p s : / / e x t e r n a l . f t u n 1 5 - 1 . f n a . f b c d n . n e t / e m g 1 / v / t 1 3 / 1 1 0 3 0 9 8 0 0 0 5 4 4 4 3 0 3 9 6 3 ? u r l = h t t p s % 3 A % 2 F % 2 F c n n - a r a b i c - i m a g e s . c n n . i o % 2 F c l o u d i n a r y % 2 F i m a g e % 2 F u p l o a d % 2 F w _ 1 9 2 0 % 2 C h _ 1 0 0 8 % 2 C c _ f i l l % 2 C q _ a u t o % 2 C g _ c e n t e r % 2 F t _ c n n a r a b i c _ w a t e r m a r k _ l o g o _ v 5 % 2 F t _ c n n a r a b i c _ w a t e r m a r k _ p l a y e r _ i c o n _ v 2 % 2 F c n n a r a b i c % 2 F 2 0 2 3 % 2 F 1 1 % 2 F 1 2 % 2 F i m a g e s % 2 F 2 5 4 5 4 9 . j p g & f b _ o b o = 1 & u t l d = c n n . i o & s t p = c 0 . 5 0 0 0 x 0 . 5 0 0 0 f _ d s t - j p g _ f l f f f f f f _ p 5 0 0 x 2 6 1 _ q 7 5 & c c b = 1 3 - 1 & o h = 0 6 _ A b G Z H N 3 b f g Q O 2 V x S G m K K d V h C x 2 8 i J M V A W 5 p s f k b O 9 V _ a w g & o e = 6 5 5 2 8 E 1 6 & _ n c _ s i d = d b a d 3 9,https://www.facebook.com/CNNArabic/posts/pfbid0patBo3ApZkUZS9NPJdoHiP5HhmMafuKGjFWigZwkcNfFmmM7N1vXVqSr7xfTFMeKl?__cft__[0]=AZWsAPRg7EH_9uNVXf5si9K2aLHY6lnaevwukAo-2ViuCmgQD_k2EKbRJtpBL6p_6qTe3PVZ3otbnneTJNUrSW6OqpBJoZ_vkSsNc9KRdGxAOrvY3MAwigf3PRuh1i4nH0YcvTCvmWt_TWN1xdXpcKUegym09QumY7ZucHjd2jxspYN4yWdBYZUskK6eRQj32WEJO7hyRIGSG61B0vXyKWD2&__tn__=%2CO%2CP-R,". e مسج حص‎ W we i = ¥ — - I 7 k- A= s 4 8 |-< + 7 2 ا ل‎ م""‎ AT *"
pfbid0tudUiN3N6vSzTgcCyhyzJ5EfoFwg561NWX3VqRwkpK265nL7z9kP7hLXd98m1Dahl,CNNArabic,7,3,"""مزقوا فلسطين من ذاكرتكم"".. تداول نص قصيدة الأديبة أمل أبوعاصي من #غزة وسط تفاعل ",2023-11-12:11:15,h t t p s : / / e x t e r n a l . f t u n 1 5 - 1 . f n a . f b c d n . n e t / e m g 1 / v / t 1 3 / 2 0 4 8 5 5 7 2 2 7 3 5 5 3 0 3 8 2 9 ? u r l = h t t p s % 3 A % 2 F % 2 F c n n - a r a b i c - i m a g e s . c n n . i o % 2 F c l o u d i n a r y % 2 F i m a g e % 2 F u p l o a d % 2 F x _ 0 % 2 C y _ 8 1 0 % 2 C w _ 7 7 1 8 % 2 C h _ 4 3 4 1 % 2 C c _ c r o p % 2 F w _ 1 9 2 0 % 2 C h _ 1 0 0 8 % 2 C c _ f i l l % 2 C q _ a u t o % 2 C g _ c e n t e r % 2 F t _ c n n a r a b i c _ w a t e r m a r k _ l o g o _ v 5 % 2 F c n n a r a b i c % 2 F 2 0 2 3 % 2 F 1 1 % 2 F 1 2 % 2 F i m a g e s % 2 F 2 5 4 5 5 8 . j p g & f b _ o b o = 1 & u t l d = c n n . i o & s t p = c 0 . 5 0 0 0 x 0 . 5 0 0 0 f _ d s t - j p g _ f l f f f f f f _ p 5 0 0 x 2 6 1 _ q 7 5 & c c b = 1 3 - 1 & o h = 0 6 _ A b E 8 N 9 H k I N 6 H f s h 6 k U F u 9 R u y U I p x v t - k - E J W A p n T v e 0 7 9 g & o e = 6 5 5 2 5 5 D 5 & _ n c _ s i d = d b a d 3 9,https://www.facebook.com/CNNArabic/posts/pfbid0tudUiN3N6vSzTgcCyhyzJ5EfoFwg561NWX3VqRwkpK265nL7z9kP7hLXd98m1Dahl?__cft__[0]=AZW9gvZR-sdl59a9xSHtO5NZZMBJoD2tetvHpp6i2jyGEPKZIXlH0fN7VRwybrtRaNVkd-jJonlCTOryjD2TVtI97YNPH04UrxzvGEr3hgEn-55XDRwZGix_3IvsB1j7Wt6I87gwa8Oy98HIfe95B0aKt6XC-NAGuaESwYp1ruykNQIN1N0yDhVyt-azZX2dkF1aK2UVaxo9V9SXSLP5aMAb&__tn__=%2CO%2CP-R,P
pfbid025YEKTrv1X4tGKwP8oauCmvwXmYuTng45Gyrys6DS7DvL9cs6GJ4kWdrWrYgCwCqyl,CNNArabic,0,1,رجل يعاني من حالة طبية طارئة خلال ماراثون.. شاهد كيف أنقذه منافسوه,2023-11-12:11:15,h t t p s : / / e x t e r n a l . f t u n 1 5 - 1 . f n a . f b c d n . n e t / e m g 1 / v / t 1 3 / 6 6 1 0 5 2 9 8 7 3 1 9 5 2 8 5 9 9 9 ? u r l = h t t p s % 3 A % 2 F % 2 F c n n - a r a b i c - i m a g e s . c n n . i o % 2 F c l o u d i n a r y % 2 F i m a g e % 2 F u p l o a d % 2 F w _ 1 9 2 0 % 2 C h _ 1 0 0 8 % 2 C c _ f i l l % 2 C q _ a u t o % 2 C g _ c e n t e r % 2 F t _ c n n a r a b i c _ w a t e r m a r k _ l o g o _ v 5 % 2 F t _ c n n a r a b i c _ w a t e r m a r k _ p l a y e r _ i c o n _ v 2 % 2 F c n n a r a b i c % 2 F 2 0 2 3 % 2 F 1 1 % 2 F 1 2 % 2 F i m a g e s % 2 F 2 5 4 5 5 2 . j p g & f b _ o b o = 1 & u t l d = c n n . i o & s t p = c 0 . 5 0 0 0 x 0 . 5 0 0 0 f _ d s t - j p g _ f l f f f f f f _ p 5 0 0 x 2 6 1 _ q 7 5 & c c b = 1 3 - 1 & o h = 0 6 _ A b F f J T V S b k W z K - E R r a o 7 C a C _ k 8 N a G a z K Y t F 9 S v G G c h H 7 5 A & o e = 6 5 5 2 A F 1 5 & _ n c _ s i d = d b a d 3 9,https://www.facebook.com/CNNArabic/posts/pfbid025YEKTrv1X4tGKwP8oauCmvwXmYuTng45Gyrys6DS7DvL9cs6GJ4kWdrWrYgCwCqyl?__cft__[0]=AZXNDgCP2LqUE8muHN19jfShf_O_fkd_Ir3qMG86YWDMYUfb0OedeGhAy7XTtkzkG3CrHQzK7OtMW5W0rI8MupCrn5UUK_jT1GlxPspfFqjQoeLe2MukZBIuuU7Xm2_p5CQ7ROU5S6OGBAumvo_rqIFydfz0MkZyl17kKtieHjAQP2pVYtp6Ew-LsecSZIT8VegyhBJqc3BR7nxeuGhTPSHm&__tn__=%2CO%2CP-R,TN‏ لواحت A &‏ 1 ١ X | ' ١‏ ل
pfbid02ZHmZEnCTpxtZrZtdmNBSj4H5NbMD4Esd9JkkFM9vR5zmSRHBiZES5QfWtECyWzYpl,CNNArabic,2,4,مصرية تستخدم علم النفس والموضة لجعل زبائنها أكثرسعادة..كيف تقوم بذلك؟ https://cnn.it/40GPpOA,2023-11-12:10:15,h t t p s : / / s c o n t e n t . f t u n 1 5 - 1 . f n a . f b c d n . n e t / v / t 1 5 . 5 2 5 6 - 1 0 / 3 8 6 4 4 7 0 3 4 _ 8 3 8 6 1 1 3 5 4 6 2 7 3 2 9 _ 6 9 1 2 8 2 8 8 8 6 6 0 9 3 7 9 1 1 0 _ n . j p g ? s t p = d s t - j p g _ p 1 8 0 x 5 4 0 & _ n c _ c a t = 1 0 7 & c c b = 1 - 7 & _ n c _ s i d = 1 a 7 0 2 9 & _ n c _ o h c = F B E 2 o r M 8 L c k A X _ D i R D v & _ n c _ h t = s c o n t e n t . f t u n 1 5 - 1 . f n a & o h = 0 0 _ A f B k r A X w A 4 L D A T Q C M y _ A P v g R U f x l Q l M m n O c d d M 0 o R A 8 L s Q & o e = 6 5 5 6 B B 4 6,https://www.facebook.com/CNNArabic/posts/pfbid02ZHmZEnCTpxtZrZtdmNBSj4H5NbMD4Esd9JkkFM9vR5zmSRHBiZES5QfWtECyWzYpl?__cft__[0]=AZUC7d6N9w7htqvLwBchV016mdVuIa0wS61VH6ChMJzlCyyfgVcxdHmPdgD-WLB1R3aroXC3_or1Mv1WeeXxpxSGibQ-m3v4dT9gShPxHIdoSe3YvwVzE36YRLfCKUebu4MOb6L23lR4tfsPLHcfiR_G-2_MVoYzU3ptScjCoWv1aU2vfWrQjr80JluzyYgSQudlK6jjttwwNqollWbllZWL&__tn__=%2CO%2CP-R,[ ¢ كج‎ » 7 ١
pfbid02DofPyaCd4VrB2fJQit7FLHovWE2vT4VLRtQuwXC7NYFkoJWBaJM1EcCwmni6Nv6Yl,CNNArabic,2,14,تقرير: مقتل 40 صحفياً على الأقل بخمسة أسابيع من الصراع بين #إسرائيل و #غزةhttps://cnn.it/3SCWpKd,2023-11-12:10:15,h t t p s : / / e x t e r n a l . f t u n 1 5 - 1 . f n a . f b c d n . n e t / e m g 1 / v / t 1 3 / 1 5 1 2 8 1 5 1 7 2 9 5 4 4 5 9 5 4 1 2 ? u r l = h t t p s % 3 A % 2 F % 2 F c n n - a r a b i c - i m a g e s . c n n . i o % 2 F c l o u d i n a r y % 2 F i m a g e % 2 F u p l o a d % 2 F x _ 0 % 2 C y _ 0 % 2 C w _ 5 9 9 2 % 2 C h _ 3 3 7 0 % 2 C c _ c r o p % 2 F w _ 1 9 2 0 % 2 C h _ 1 0 0 8 % 2 C c _ f i l l % 2 C q _ a u t o % 2 C g _ c e n t e r % 2 F t _ c n n a r a b i c _ w a t e r m a r k _ l o g o _ v 5 % 2 F c n n a r a b i c % 2 F 2 0 2 3 % 2 F 1 1 % 2 F 1 2 % 2 F i m a g e s % 2 F 2 5 4 5 5 1 . j p g & f b _ o b o = 1 & u t l d = c n n . i o & s t p = c 0 . 5 0 0 0 x 0 . 5 0 0 0 f _ d s t - j p g _ f l f f f f f f _ p 5 0 0 x 2 6 1 _ q 7 5 & c c b = 1 3 - 1 & o h = 0 6 _ A b G p w Z o 7 k o q n c s r k w Z k n S z Q L T 2 - 5 7 S 0 Y j i 7 h v d O 2 R 0 J e R Q & o e = 6 5 5 2 4 F F 3 & _ n c _ s i d = d b a d 3 9,https://www.facebook.com/CNNArabic/posts/pfbid02DofPyaCd4VrB2fJQit7FLHovWE2vT4VLRtQuwXC7NYFkoJWBaJM1EcCwmni6Nv6Yl?__cft__[0]=AZWXMXndF8defb3M8CvJ8ucsBe4NINmU9JRpaMS8rQpUqg0QTwcJpfknZrKq9cQEVT6cr_tuj0Hs6OSihGuOH67EpXSjOOvMhW0eUz_x44EXpRISxYiiYz0zouBqvNq68s93LcovwP4bz_SU8HF1YyZhOdFR_DWAuWDW7xCxWWplgTXs_Mse5qIW_doL4MZ28GqQJgR7zmf_ICBI2HfGXVeP&__tn__=%2CO%2CP-R,"' "" ' 97 ب العا لنت ا الات"
pfbid0mifZAaTqb2CEQXqWMvvZLPRxib7nDsntAMVHRrKHHsxwJKwA7xC2tov3r3wAJffnl,CNNArabic,3,8,"اليونيسف تدعو لحماية مستشفيات #غزة وأطفالها وسط تقارير ""مقلقة للغاية"" عن الوضع في ""الشفاء"" ",2023-11-12:10:15,h t t p s : / / e x t e r n a l . f t u n 1 5 - 1 . f n a . f b c d n . n e t / e m g 1 / v / t 1 3 / 1 0 9 6 8 6 4 9 1 4 4 4 1 6 6 6 6 5 0 1 ? u r l = h t t p s % 3 A % 2 F % 2 F c n n - a r a b i c - i m a g e s . c n n . i o % 2 F c l o u d i n a r y % 2 F i m a g e % 2 F u p l o a d % 2 F w _ 1 9 2 0 % 2 C h _ 1 0 0 8 % 2 C c _ f i l l % 2 C q _ a u t o % 2 C g _ c e n t e r % 2 F t _ c n n a r a b i c _ w a t e r m a r k _ l o g o _ v 5 % 2 F c n n a r a b i c % 2 F 2 0 2 3 % 2 F 1 1 % 2 F 1 2 % 2 F i m a g e s % 2 F 2 5 4 5 5 3 . j p g & f b _ o b o = 1 & u t l d = c n n . i o & s t p = c 0 . 5 0 0 0 x 0 . 5 0 0 0 f _ d s t - j p g _ f l f f f f f f _ p 5 0 0 x 2 6 1 _ q 7 5 & c c b = 1 3 - 1 & o h = 0 6 _ A b H t O x H X 0 M l s A T P u H W - k t 4 u 5 o L g 0 C o 2 I Q X H 8 _ w r v i J 0 W - w & o e = 6 5 5 2 8 1 4 B & _ n c _ s i d = d b a d 3 9,https://www.facebook.com/CNNArabic/posts/pfbid0mifZAaTqb2CEQXqWMvvZLPRxib7nDsntAMVHRrKHHsxwJKwA7xC2tov3r3wAJffnl?__cft__[0]=AZURJmn6wqjYAKB7Tr9fFvqslFopj5hprTSIvspQfoDWqWOQ-N6LLW9LMtYGdqIiazXQNa54eb0UYgWR6yvJTxaJE58_Z4zCD-tn7aCVdEzn6ZKqeN0EbOv6AqaSCcPVGVuvFp7iCm0uHBHvrn__G4scd6scS9Q6qQHpU2ubdn1S4hGpBEImsznpnPH3LrJqwTOvNnk8tbVGUDM7SJwFVvAx&__tn__=%2CO%2CP-R,= g لجو‎
pfbid0P6HfSMTFDGWAMHdjd9k21KikCYhdzMTsijfXn5Tah7QsBvqMaEBGa1MdgYY4Bv4xl,CNNArabic,0,25,القمة العربية الإسلامية حول #غزة.. لماذا خالف بيانها الختامي توقعات كثيرين؟,2023-11-12:09:15,h t t p s : / / e x t e r n a l . f t u n 1 5 - 1 . f n a . f b c d n . n e t / e m g 1 / v / t 1 3 / 7 0 3 1 7 0 0 1 9 3 2 4 3 8 0 8 1 8 9 ? u r l = h t t p s % 3 A % 2 F % 2 F c n n - a r a b i c - i m a g e s . c n n . i o % 2 F c l o u d i n a r y % 2 F i m a g e % 2 F u p l o a d % 2 F w _ 1 9 2 0 % 2 C h _ 1 0 0 8 % 2 C c _ f i l l % 2 C q _ a u t o % 2 C g _ c e n t e r % 2 F t _ c n n a r a b i c _ w a t e r m a r k _ l o g o _ v 5 % 2 F t _ c n n a r a b i c _ w a t e r m a r k _ p l a y e r _ i c o n _ v 2 % 2 F c n n a r a b i c % 2 F 2 0 2 3 % 2 F 1 1 % 2 F 1 2 % 2 F i m a g e s % 2 F 2 5 4 5 4 7 . j p g & f b _ o b o = 1 & u t l d = c n n . i o & s t p = c 0 . 5 0 0 0 x 0 . 5 0 0 0 f _ d s t - j p g _ f l f f f f f f _ p 5 0 0 x 2 6 1 _ q 7 5 & c c b = 1 3 - 1 & o h = 0 6 _ A b E Y W B H g R r 4 4 t 6 j q u m o o J J w c h A r I z r p R y U 7 0 9 h C S A D y p H Q & o e = 6 5 5 2 C D 3 2 & _ n c _ s i d = d b a d 3 9,https://www.facebook.com/CNNArabic/posts/pfbid0P6HfSMTFDGWAMHdjd9k21KikCYhdzMTsijfXn5Tah7QsBvqMaEBGa1MdgYY4Bv4xl?__cft__[0]=AZVCIA9kBkBfsU74HxjkZSt7DQ2clIGRLQMfOKOcPcWzRbEkJdEOkPjjaWSkj9AM_mj8f03lUAQZrnlA_MZfrkxElARK7kc8q2yLE-R3zqq19hS_X0gm_fVcJNN891z-ySQN6tYKPNgIdkyYnjniYKIGQfbXz6AjDgfEHhVjJWfpf2VJWz_2Xmg9shAejIsEtNN_hmME9gVTaPcsfbonPFue&__tn__=%2CO%2CP-R,
pfbid02ois6SEEynK9bYA5FTgjDJtVHZXjbAqQjzhu7ps35qK2NGgnvatV2ZLUxmuvGZuLTl,CNNArabic,0,0,#البرادعي يستشهد بفيديو لمظاهرات #لندن الداعمة للفلسطينيين: لمن يدعي أنها قضية إسلامية فقط,2023-11-12:09:15,h t t p s : / / e x t e r n a l . f t u n 1 5 - 1 . f n a . f b c d n . n e t / e m g 1 / v / t 1 3 / 6 1 7 2 0 5 1 5 5 9 2 6 3 3 1 4 3 3 ? u r l = h t t p s % 3 A % 2 F % 2 F c n n - a r a b i c - i m a g e s . c n n . i o % 2 F c l o u d i n a r y % 2 F i m a g e % 2 F u p l o a d % 2 F w _ 1 9 2 0 % 2 C h _ 1 0 0 8 % 2 C c _ f i l l % 2 C q _ a u t o % 2 C g _ c e n t e r % 2 F t _ c n n a r a b i c _ w a t e r m a r k _ l o g o _ v 5 % 2 F c n n a r a b i c % 2 F 2 0 2 3 % 2 F 1 1 % 2 F 1 2 % 2 F i m a g e s % 2 F 2 5 4 5 4 8 . j p g & f b _ o b o = 1 & u t l d = c n n . i o & s t p = c 0 . 5 0 0 0 x 0 . 5 0 0 0 f _ d s t - j p g _ f l f f f f f f _ p 5 0 0 x 2 6 1 _ q 7 5 & c c b = 1 3 - 1 & o h = 0 6 _ A b E s W 4 T I 2 m E o 6 9 Y f m G g v 6 x j B E i 6 C R T D R A C W 3 9 B G Y m g h Z d w & o e = 6 5 5 2 9 4 1 F & _ n c _ s i d = d b a d 3 9,https://www.facebook.com/CNNArabic/posts/pfbid02ois6SEEynK9bYA5FTgjDJtVHZXjbAqQjzhu7ps35qK2NGgnvatV2ZLUxmuvGZuLTl?__cft__[0]=AZV_JYY5fEiBFPsrez6gOVkYykdSZLEzZSWKxYXmZfAjtkD9Yr4j7stusIKAy35Um7pYP-wAEnZOzg8IFZex_kYxjPZTRSEz0lYWGqEd23Q1jbGQOwaJ5JVkOYAbtkXchGg1zzRi05OSEkKmfLgRYnqKnJWeur5LlzoebYwl9rnlnUGZL8dTeoLm_Fbg-4xXSioyYWas3-AH5Z8Fih8cwDGA&__tn__=%2CO%2CP-R,"I NS‏ هنا شار _ الا وا الوا وا ار ال ا Wy‏ ار ل 2 ان e/ S el v‏ الا اخ ,م ""تم ا P O‏"
pfbid038FP9rH5Y1a3yoYWUwbDBjuG3EaE8SXzRXo5uR5Ptd1Dne5UBRLtJ3xUGvY5uYgirl,CNNArabic,0,0,اشتباك بالأيدي بين جماهير #الأهلي خلال مباراة في #الدوري_المصري,2023-11-12:09:15,h t t p s : / / e x t e r n a l . f t u n 1 5 - 1 . f n a . f b c d n . n e t / e m g 1 / v / t 1 3 / 9 9 1 2 5 3 5 0 3 2 0 3 2 8 9 1 1 ? u r l = h t t p s % 3 A % 2 F % 2 F c n n - a r a b i c - i m a g e s . c n n . i o % 2 F c l o u d i n a r y % 2 F i m a g e % 2 F u p l o a d % 2 F x _ 0 % 2 C y _ 3 3 0 % 2 C w _ 4 9 3 1 % 2 C h _ 2 7 7 4 % 2 C c _ c r o p % 2 F w _ 1 9 2 0 % 2 C h _ 1 0 0 8 % 2 C c _ f i l l % 2 C q _ a u t o % 2 C g _ c e n t e r % 2 F t _ c n n a r a b i c _ w a t e r m a r k _ l o g o _ v 5 % 2 F c n n a r a b i c % 2 F 2 0 2 3 % 2 F 1 1 % 2 F 1 2 % 2 F i m a g e s % 2 F 2 5 4 5 4 0 . j p g & f b _ o b o = 1 & u t l d = c n n . i o & s t p = c 0 . 5 0 0 0 x 0 . 5 0 0 0 f _ d s t - j p g _ f l f f f f f f _ p 5 0 0 x 2 6 1 _ q 7 5 & c c b = 1 3 - 1 & o h = 0 6 _ A b E b X - D v j V 3 U E r D i 5 D Z 5 h 4 E 7 H M D Z 6 U B L s i H Z r k 4 4 l T Z h 9 w & o e = 6 5 5 2 8 0 B 6 & _ n c _ s i d = d b a d 3 9,https://www.facebook.com/CNNArabic/posts/pfbid038FP9rH5Y1a3yoYWUwbDBjuG3EaE8SXzRXo5uR5Ptd1Dne5UBRLtJ3xUGvY5uYgirl?__cft__[0]=AZX4TQJjuZvRQAuq-gM4WiyGk0OCV2d8zsiWEqcANtTgfa94M5CVI2hNGPJBFica1pv7GtFcJ1swQ4OQLHw0MeWuVh-4-onROn5vMTjWsX9egmP5b7PiOv-06hifEXDAF3dMkJCAxy7fZOHJd6Jy-Bx388jKmGVRzf7fieFiSd-DeeYpr76Ck9EqAvDFMcGPpqx745tlKTuNrbvnnN0C-4Tc&__tn__=%2CO%2CP-R,BN R 2‏ 2 دود لفل s‏ د ا ا N L‏ g‏ ل جاب م الاب P‏ ا ل بلا ام ا سلا اله 3 اسهد ا NN‏
pfbid02vY6WogdMYytJHZhSbv5ucX98b4GYFUbLi266iYPNpqkcxLPPXqEb1yCJHhucQ36Rl,CNNArabic,0,0,سقط فجأة على أرض الملعب.. لاعب غاني يفارق الحياة خلال مباراة كرة قدم,2023-11-12:08:15,h t t p s : / / e x t e r n a l . f t u n 1 5 - 1 . f n a . f b c d n . n e t / e m g 1 / v / t 1 3 / 8 8 3 3 5 8 9 4 8 7 1 3 2 7 9 9 7 1 1 ? u r l = h t t p s % 3 A % 2 F % 2 F c n n - a r a b i c - i m a g e s . c n n . i o % 2 F c l o u d i n a r y % 2 F i m a g e % 2 F u p l o a d % 2 F x _ 0 % 2 C y _ 0 % 2 C w _ 4 9 5 1 % 2 C h _ 2 7 8 5 % 2 C c _ c r o p % 2 F w _ 1 9 2 0 % 2 C h _ 1 0 0 8 % 2 C c _ f i l l % 2 C q _ a u t o % 2 C g _ c e n t e r % 2 F t _ c n n a r a b i c _ w a t e r m a r k _ l o g o _ v 5 % 2 F c n n a r a b i c % 2 F 2 0 2 3 % 2 F 1 1 % 2 F 1 2 % 2 F i m a g e s % 2 F 2 5 4 5 3 9 . j p g & f b _ o b o = 1 & u t l d = c n n . i o & s t p = c 0 . 5 0 0 0 x 0 . 5 0 0 0 f _ d s t - j p g _ f l f f f f f f _ p 5 0 0 x 2 6 1 _ q 7 5 & c c b = 1 3 - 1 & o h = 0 6 _ A b F 0 w K Y u 4 y _ J B u p J T Q L 9 j S B y 6 B C b 6 H t 6 D W m - l 1 o M g 9 0 J i A & o e = 6 5 5 2 8 D 9 6 & _ n c _ s i d = d b a d 3 9,https://www.facebook.com/CNNArabic/posts/pfbid02vY6WogdMYytJHZhSbv5ucX98b4GYFUbLi266iYPNpqkcxLPPXqEb1yCJHhucQ36Rl?__cft__[0]=AZXuBUczKBejn84cs1NxEc9hYaAx6z_WrtLapDuw8ip6ca0pmDoSwCAJLF8wCPZzKzgiw1BdbU6LmluUdbqkk3qpehUMtjVwyzgTjXXRQjFRg0ZfXopGdzTGhNj9jJLBCoo-xAtVrq34oSpG4xpq26znKUP9HzGv0LgH5gTieEIdqqrK_eGcLbOJpEUQgm5mlKAH8YsRBusPasCjJO4B8Rmv&__tn__=%2CO%2CP-R,"ف"" 1 . 3 iy‏ طَّ 1 4< s‏ وان S 8 5‏ تب كر P‏ حم"
pfbid02BKWFEpK1mo2qyfwEoktZcsbEKB6EpYPAZCei8NoSsVCMeGYhCpGoiNgCFtuYPFmdl,CNNArabic,0,0,موقف طريف تتعرض له أم وابنها بمواجهة طرد أمازون أمام باب منزلهما يلقى رواجًا واسعًا https://cnn.it/46aVsMf,2023-11-12:08:15,h t t p s : / / s c o n t e n t . f t u n 1 5 - 1 . f n a . f b c d n . n e t / v / t 1 5 . 5 2 5 6 - 1 0 / 3 8 4 6 7 9 2 2 3 _ 3 3 0 1 2 4 2 7 6 3 8 7 9 2 6 _ 3 9 4 4 4 8 0 1 7 2 5 6 3 3 7 8 9 7 3 _ n . j p g ? s t p = d s t - j p g _ p 1 8 0 x 5 4 0 & _ n c _ c a t = 1 0 4 & c c b = 1 - 7 & _ n c _ s i d = 1 a 7 0 2 9 & _ n c _ o h c = T 3 5 m p R C t b z 8 A X _ K i S B Q & _ n c _ h t = s c o n t e n t . f t u n 1 5 - 1 . f n a & o h = 0 0 _ A f C L s Z B w f 6 W t Y U 1 h g 0 o 5 S q Y I a p z x d r k z a w 6 H d 6 3 r K l k P 2 w & o e = 6 5 5 5 0 7 9 5,https://www.facebook.com/CNNArabic/posts/pfbid02BKWFEpK1mo2qyfwEoktZcsbEKB6EpYPAZCei8NoSsVCMeGYhCpGoiNgCFtuYPFmdl?__cft__[0]=AZXDtmLy6MoifSBcTPiZIYThP5eAls2e_sTNbIHNqYEQMwZuN9CVzibIRKjG0t0n69-v35s-nM1upofnOB1GJPTYWHLDmQUitI27Xv6myYe3gxO2LXG33MyDA2g9AtQ5AxUmrbTrs6H7N7TRcK5oNURQC4NhtOKH7UiVuh9LxSi2VVkvP4O3-tteb9z3tEp64ntBjdMj8l7x-sSFAfBjOTvj&__tn__=%2CO%2CP-R,"PN | - —C <A‏ مواقا 7 سا قا طن من N :‏ كر خاي > 1 ا م T\ E‏ تيه & s S ١‏ > ا ا 4 B g g‏ ١ g‏ 1 م لان 8 e‏ e d e\ N‏ 2 وزيم - 7 ke‏ ) أ لحا سي » oG‏ 00 7 ص ادي R T el ) £ e‏ I‏ . د DY "",\ b‏ N\ > =‏ 5="
pfbid02r6FW1BhTfkknyR8ieDJJ1PEp87zqjddXkBc38yACEectCLW9kBFBm9MFAwXMTEgxl,CNNArabic,3,15,تفاعل على لغة الجسد بين #السيسي و #أردوغان ولقائهما بـ #السعودية,2023-11-12:08:15,h t t p s : / / e x t e r n a l . f t u n 1 5 - 1 . f n a . f b c d n . n e t / e m g 1 / v / t 1 3 / 1 2 5 8 3 6 6 1 7 3 4 3 6 2 9 0 0 7 9 4 ? u r l = h t t p s % 3 A % 2 F % 2 F c n n - a r a b i c - i m a g e s . c n n . i o % 2 F c l o u d i n a r y % 2 F i m a g e % 2 F u p l o a d % 2 F w _ 1 2 8 1 % 2 C h _ 6 7 3 % 2 C c _ f i l l % 2 C q _ a u t o % 2 C g _ c e n t e r % 2 F t _ c n n a r a b i c _ w a t e r m a r k _ l o g o _ v 5 % 2 F c n n a r a b i c % 2 F 2 0 2 3 % 2 F 1 1 % 2 F 1 2 % 2 F i m a g e s % 2 F 2 5 4 5 4 6 . j p g & f b _ o b o = 1 & u t l d = c n n . i o & s t p = c 0 . 5 0 0 0 x 0 . 5 0 0 0 f _ d s t - j p g _ f l f f f f f f _ p 5 0 0 x 2 6 1 _ q 7 5 & c c b = 1 3 - 1 & o h = 0 6 _ A b E B V 6 p P 3 w Q C d O P v G h Q D 9 d 4 E 2 x 7 A n N D 4 W n J F f W 3 5 e b V J L g & o e = 6 5 5 2 D 8 B C & _ n c _ s i d = d b a d 3 9,https://www.facebook.com/CNNArabic/posts/pfbid02r6FW1BhTfkknyR8ieDJJ1PEp87zqjddXkBc38yACEectCLW9kBFBm9MFAwXMTEgxl?__cft__[0]=AZXQnj_YsC1ZzlKGSbefY41c-6FYIQogqAKuS6kVZAyM9cX-l5_l6qih_4iY-KpIUjXGsG37UdZLwktgOqtSh253j_KKEPjD01x6jTOjAmNnJGsMQj4mW1kWMO8BqPdlD8czWsNiH3bpGFeMR1uP4QIlNj8OqDUi6CPBKU-AawAincf2706PFJdfSw5AyjxPbaPbvJW6NaZwtL5fYIjl9rJd&__tn__=%2CO%2CP-R,"o ol “0 1 وه ار‎ S M و‎ "" ln i R\ وا "" - ذو[‎ e _adl — =48 & # . e S S - el S"
pfbid0uyfKaiNTFxhrh8CNStwztMradEd7ZMYyA2Hh6sjpEiBPedHCmZGtVBjKS4nUBVytl,CNNArabic,0,1,"تغريدة ""مُثيرة"" من حساب نادي #النصر عن الحكام.. وهذا ما فعله #كريستيانو_رونالدو",2023-11-12:08:15,h t t p s : / / e x t e r n a l . f t u n 1 5 - 1 . f n a . f b c d n . n e t / e m g 1 / v / t 1 3 / 7 6 4 7 2 9 6 9 6 7 0 7 5 9 5 3 8 1 5 ? u r l = h t t p s % 3 A % 2 F % 2 F c n n - a r a b i c - i m a g e s . c n n . i o % 2 F c l o u d i n a r y % 2 F i m a g e % 2 F u p l o a d % 2 F x _ 0 % 2 C y _ 0 % 2 C w _ 4 3 4 9 % 2 C h _ 2 4 4 6 % 2 C c _ c r o p % 2 F w _ 1 9 2 0 % 2 C h _ 1 0 0 8 % 2 C c _ f i l l % 2 C q _ a u t o % 2 C g _ c e n t e r % 2 F t _ c n n a r a b i c _ w a t e r m a r k _ l o g o _ v 5 % 2 F c n n a r a b i c % 2 F 2 0 2 3 % 2 F 1 1 % 2 F 1 2 % 2 F i m a g e s % 2 F 2 5 4 5 4 1 . j p g & f b _ o b o = 1 & u t l d = c n n . i o & s t p = c 0 . 5 0 0 0 x 0 . 5 0 0 0 f _ d s t - j p g _ f l f f f f f f _ p 5 0 0 x 2 6 1 _ q 7 5 & c c b = 1 3 - 1 & o h = 0 6 _ A b H k V q S p t l l t 0 K h 2 g x V U h N f o x a 0 v o T 8 6 O c s h f g - 3 M H 8 - B Q & o e = 6 5 5 2 B F 2 A & _ n c _ s i d = d b a d 3 9,https://www.facebook.com/CNNArabic/posts/pfbid0uyfKaiNTFxhrh8CNStwztMradEd7ZMYyA2Hh6sjpEiBPedHCmZGtVBjKS4nUBVytl?__cft__[0]=AZUy4dB7aqQ41gt-ZVfn92YO8Cz_mnmQFV-LBiXZ5wRJnuc7psp8vfsxeOgVCJLOlFxHo2rVgpvXdO9OdPFgvmIDFC9abut58ukq_YjhnQSs6jNCqU2AiorYYISsiFnFmdbixCvj3CvbFCQsO7UKMro9Rvj8GPHdAljIUYYgT2vsBBdTwFAqE8myaHG7k_4gxsITxU7MIcizXHkvD_-FKeYV&__tn__=%2CO%2CP-R,"ل e‏ 7 ,8 أ سبال ريا إن"
pfbid0334BSe5t1jA1pobD7w7CiEkpBPKq1P5CV15iCLyed4n3gGo6ppmeRLToWgDemy7cnl,CNNArabic,1,18,"نص كلمة #بشار_الأسد وتصريح "" #غزة ليست القضية وإنما #فلسطين"" يثير تفاعلا",2023-11-12:07:15,h t t p s : / / e x t e r n a l . f t u n 1 5 - 1 . f n a . f b c d n . n e t / e m g 1 / v / t 1 3 / 6 2 8 9 1 6 6 2 4 7 1 1 6 3 6 4 1 8 1 ? u r l = h t t p s % 3 A % 2 F % 2 F c n n - a r a b i c - i m a g e s . c n n . i o % 2 F c l o u d i n a r y % 2 F i m a g e % 2 F u p l o a d % 2 F w _ 1 2 8 0 % 2 C h _ 6 7 2 % 2 C c _ f i l l % 2 C q _ a u t o % 2 C g _ c e n t e r % 2 F t _ c n n a r a b i c _ w a t e r m a r k _ l o g o _ v 5 % 2 F c n n a r a b i c % 2 F 2 0 2 3 % 2 F 1 1 % 2 F 1 2 % 2 F i m a g e s % 2 F 2 5 4 5 4 5 . j p g & f b _ o b o = 1 & u t l d = c n n . i o & s t p = c 0 . 5 0 0 0 x 0 . 5 0 0 0 f _ d s t - j p g _ f l f f f f f f _ p 5 0 0 x 2 6 1 _ q 7 5 & c c b = 1 3 - 1 & o h = 0 6 _ A b G u C O b T Y o Y D 4 G I G 7 g I u z U m g v H 9 o F L T d M 4 6 r j s w 3 M X y M t A & o e = 6 5 5 2 C D 0 5 & _ n c _ s i d = d b a d 3 9,https://www.facebook.com/CNNArabic/posts/pfbid0334BSe5t1jA1pobD7w7CiEkpBPKq1P5CV15iCLyed4n3gGo6ppmeRLToWgDemy7cnl?__cft__[0]=AZWSQ27TaJlzPRCW0lm1DSA1BxF2RaAtGlKz_nkKdOOmipIP6I_VKrtf4nYLYvuahRl58W17Nzmxf9sRmw_qJsnmMHrw4mpgKR036v7urYBe564n-D4Z3uDb7AJde6Ik46Wxx3bvI3bkI-k1eUSbQF2QJxuK6iYjnu6xNXGnCvRP-9V5PL3ynW18N32zYbIn6salHJ6wz9zKOF9ZPjdUYyLg&__tn__=%2CO%2CP-R,"=SB TR L\ | A I Y L €l = | y gy ١ C H : , * 1 ' 1 ا‎ 7 - مسا اشر ل‎ r"
pfbid032Kb8nHB1W7UaXi4jLf8pnyKwsGwbYEAmNJA2sfWAVkCd2mXrjNucTqNDXgLyNcVyl,CNNArabic,0,1,مشادّة بين لاعب وزميله خلال مباراة في #الدوري_السعودي.. هذا ما حدث بينهما,2023-11-12:07:15,h t t p s : / / e x t e r n a l . f t u n 1 5 - 1 . f n a . f b c d n . n e t / e m g 1 / v / t 1 3 / 3 7 6 1 0 7 6 1 6 6 6 9 1 0 7 2 1 2 8 ? u r l = h t t p s % 3 A % 2 F % 2 F c n n - a r a b i c - i m a g e s . c n n . i o % 2 F c l o u d i n a r y % 2 F i m a g e % 2 F u p l o a d % 2 F x _ 0 % 2 C y _ 5 8 % 2 C w _ 2 0 4 4 % 2 C h _ 1 1 5 0 % 2 C c _ c r o p % 2 F w _ 1 9 2 0 % 2 C h _ 1 0 0 8 % 2 C c _ f i l l % 2 C q _ a u t o % 2 C g _ c e n t e r % 2 F t _ c n n a r a b i c _ w a t e r m a r k _ l o g o _ v 5 % 2 F c n n a r a b i c % 2 F 2 0 2 3 % 2 F 1 1 % 2 F 1 2 % 2 F i m a g e s % 2 F 2 5 4 5 4 2 . j p g & f b _ o b o = 1 & u t l d = c n n . i o & s t p = c 0 . 5 0 0 0 x 0 . 5 0 0 0 f _ d s t - j p g _ f l f f f f f f _ p 5 0 0 x 2 6 1 _ q 7 5 & c c b = 1 3 - 1 & o h = 0 6 _ A b F j B Q j H R q e d P 8 a g H h E F 5 y q 2 V V H t f o d G w 5 d S N j R E 9 z P m 2 w & o e = 6 5 5 2 C 6 D 0 & _ n c _ s i d = d b a d 3 9,https://www.facebook.com/CNNArabic/posts/pfbid032Kb8nHB1W7UaXi4jLf8pnyKwsGwbYEAmNJA2sfWAVkCd2mXrjNucTqNDXgLyNcVyl?__cft__[0]=AZW4ItoTqWIlahMLk2HzIAu7Gak08It974HcPzzrhEiHkNdcxVoEOYZQUpjbr9_plCyfbAqv5Q8xH8RZbkNRf6BF-UkHpdTiFrWdjYHlGimmYH-SAXNl6TEhrWR6YnK7N3egC80p7CY_sSPkg_LJWh6UxBzadmqqgdWgpbJYR1aAne3kTobMDP5tkrZ0os-aaPWr2tKg_3dGd-CV9f5g-EfY&__tn__=%2CO%2CP-R,5: كه‎ R R R Y لال©‎ TR و امو‎ !  - الا و‎ NECCEREE أي‎ | g f‘:“‘!:‘ il دار مجاني‎ ب‎ b /o
pfbid02f4VqXxThHBXmkFQJ4UxJLN6jT14zk5QBQhrgdr1jJ39pQUYCUxnVGvmq9ijiM2Wil,CNNArabic,5,18,"البروتوكول وخروج محمد بن سلمان ""شخصيا"" لاستقبال رئيس #إيران بمقر القمة يثير تفاعلاhttps://cnn.it/47Mx3y3",2023-11-12:07:15,h t t p s : / / e x t e r n a l . f t u n 1 5 - 1 . f n a . f b c d n . n e t / e m g 1 / v / t 1 3 / 8 7 6 1 8 0 6 6 1 8 7 4 9 8 1 3 3 9 ? u r l = h t t p s % 3 A % 2 F % 2 F c n n - a r a b i c - i m a g e s . c n n . i o % 2 F c l o u d i n a r y % 2 F i m a g e % 2 F u p l o a d % 2 F w _ 1 2 8 2 % 2 C h _ 6 7 3 % 2 C c _ f i l l % 2 C q _ a u t o % 2 C g _ c e n t e r % 2 F t _ c n n a r a b i c _ w a t e r m a r k _ l o g o _ v 5 % 2 F c n n a r a b i c % 2 F 2 0 2 3 % 2 F 1 1 % 2 F 1 2 % 2 F i m a g e s % 2 F 2 5 4 5 4 4 . j p g & f b _ o b o = 1 & u t l d = c n n . i o & s t p = c 0 . 5 0 0 0 x 0 . 5 0 0 0 f _ d s t - j p g _ f l f f f f f f _ p 5 0 0 x 2 6 1 _ q 7 5 & c c b = 1 3 - 1 & o h = 0 6 _ A b H 7 X 5 j v v 8 7 O s F z c _ w n I 5 N j E n E 4 S J E k T 2 H W f v 0 x n L C f p g A & o e = 6 5 5 2 E C 4 5 & _ n c _ s i d = d b a d 3 9,https://www.facebook.com/CNNArabic/posts/pfbid02f4VqXxThHBXmkFQJ4UxJLN6jT14zk5QBQhrgdr1jJ39pQUYCUxnVGvmq9ijiM2Wil?__cft__[0]=AZVKVl_2PCzKi4BNO3J7ioEZnZ0zO4AGSgnjJsel5dEqn5yf4oLmIo4QIujubgUnGZqY_Fi8mWa8a-p_zhQq7zxTh9Api5tOqE50qwio_YRtyOJeRCM9pJn4jmfxQ3mbX9IYLDckV1w9jY0uCQBw1OWdpOTT_sxovDhBcGlWaC4LX3rKibZfmTKM7R01X_WNe-roEYGTzB5P2kCiRuCuvt10&__tn__=%2CO%2CP-R,T IR e o ل‎ ١ دحم‎ e
pfbid02CePYAjHTBjCqo3JjFjdPne2H6wJNt3qHyWusXDrC6LS3CCawtFV5XFQhs4LZgWWFl,CNNArabic,0,32,تفاعل على حركة لوزير خارجية #السعودية خلف محمد بن سلمان بالقمةhttps://cnn.it/3SUJELp,2023-11-12:06:15,h t t p s : / / e x t e r n a l . f t u n 1 5 - 1 . f n a . f b c d n . n e t / e m g 1 / v / t 1 3 / 1 3 0 1 5 9 4 2 5 9 9 0 8 4 8 8 7 4 3 ? u r l = h t t p s % 3 A % 2 F % 2 F c n n - a r a b i c - i m a g e s . c n n . i o % 2 F c l o u d i n a r y % 2 F i m a g e % 2 F u p l o a d % 2 F w _ 1 4 6 5 % 2 C h _ 7 6 9 % 2 C c _ f i l l % 2 C q _ a u t o % 2 C g _ c e n t e r % 2 F t _ c n n a r a b i c _ w a t e r m a r k _ l o g o _ v 5 % 2 F c n n a r a b i c % 2 F 2 0 2 3 % 2 F 1 1 % 2 F 1 2 % 2 F i m a g e s % 2 F 2 5 4 5 4 3 . j p g & f b _ o b o = 1 & u t l d = c n n . i o & s t p = c 0 . 5 0 0 0 x 0 . 5 0 0 0 f _ d s t - j p g _ f l f f f f f f _ p 5 0 0 x 2 6 1 _ q 7 5 & c c b = 1 3 - 1 & o h = 0 6 _ A b E i p r S i n n 3 r - r - y z u j b D 8 B 8 z M B 1 h a a 8 5 V 9 3 D Z 9 2 4 A _ u 2 A & o e = 6 5 5 2 6 2 3 B & _ n c _ s i d = d b a d 3 9,https://www.facebook.com/CNNArabic/posts/pfbid02CePYAjHTBjCqo3JjFjdPne2H6wJNt3qHyWusXDrC6LS3CCawtFV5XFQhs4LZgWWFl?__cft__[0]=AZXDoW5jz_v0hSSnhUkPk9wbxEctnzzOqjXnEe0UhqDlfMIfDdR6foJ9kTZWJZx0rEITC2JXek82B9RRZ90qRR8x-gjx0i6ougFF_74O0fWG0PTB8DescyzX7nP5pU_HMaRqaTKCsHd_yQczpAfa9j5x4iWqYN31jLQiNkoL8OY0WXuGx_SKvONjI1GgRu9tUIOAGOElQ7mOoZIfI6xzRoEL&__tn__=%2CO%2CP-R,&2t 0
pfbid0XDXeodVfHdpEhWoAFBaMjpNimT8nDN7nd3WbktJeny1bSFXMAYcM1Cpd8SWENitkl,CNNArabic,10,48,نتنياهو: السلطة الفلسطينية لن تعود لحكم غزة بعد الحرب.. وستكون هناك سيطرة أمنية كاملة على القطاع,2023-11-12:01:15,h t t p s : / / e x t e r n a l . f t u n 1 5 - 1 . f n a . f b c d n . n e t / e m g 1 / v / t 1 3 / 1 4 0 5 3 8 8 4 8 3 7 5 9 6 6 1 1 5 6 3 ? u r l = h t t p s % 3 A % 2 F % 2 F c n n - a r a b i c - i m a g e s . c n n . i o % 2 F c l o u d i n a r y % 2 F i m a g e % 2 F u p l o a d % 2 F x _ 0 % 2 C y _ 0 % 2 C w _ 5 9 9 2 % 2 C h _ 3 3 7 0 % 2 C c _ c r o p % 2 F w _ 1 9 2 0 % 2 C h _ 1 0 0 8 % 2 C c _ f i l l % 2 C q _ a u t o % 2 C g _ c e n t e r % 2 F t _ c n n a r a b i c _ w a t e r m a r k _ l o g o _ v 5 % 2 F c n n a r a b i c % 2 F 2 0 2 3 % 2 F 1 1 % 2 F 1 2 % 2 F i m a g e s % 2 F 2 5 4 5 3 8 . j p g & f b _ o b o = 1 & u t l d = c n n . i o & s t p = c 0 . 5 0 0 0 x 0 . 5 0 0 0 f _ d s t - j p g _ f l f f f f f f _ p 5 0 0 x 2 6 1 _ q 7 5 & c c b = 1 3 - 1 & o h = 0 6 _ A b E C h O V R A B 9 _ H n Y 5 M t p X C X d U C 8 u M R N 5 P C j u 5 F 6 o a o j 7 0 3 g & o e = 6 5 5 2 E E 3 F & _ n c _ s i d = d b a d 3 9,https://www.facebook.com/CNNArabic/posts/pfbid0XDXeodVfHdpEhWoAFBaMjpNimT8nDN7nd3WbktJeny1bSFXMAYcM1Cpd8SWENitkl?__cft__[0]=AZUnuvjEg4I0X-_vlI6_MiSPmziAELqgOD8yOQxilbbaES1tGUbdchwTApnb8_tYIAZ0T2sYLXd6lPAYGGZvQ9Idqnx6F9mlpc07Ig2-qncEJcYDugD_H5GXfzPMEWHyvgl3qAybsy1U3td2Ric18bOKZ2fHKyr8zaN6FwzrJPSiM6SZpXIP_Jjl0XncpqTKFXd7ONRFyDB69FkRliup_0sM&__tn__=%2CO%2CP-R,A &
pfbid02s9jeXHcaLtNQN14dgWvPZr3vQxrDNi4zStNTDDHuHNWAUcYKW7oCbFfNkLB8tgMgl,CNNArabic,0,0,للمرة الثانية.. الأردن: إنزال مساعدات طبية عبر المظلات للمستشفى الميداني الأردني في غزة,2023-11-12:00:15,h t t p s : / / e x t e r n a l . f t u n 1 5 - 1 . f n a . f b c d n . n e t / e m g 1 / v / t 1 3 / 7 3 7 9 3 0 6 8 8 5 4 2 6 6 8 3 8 3 9 ? u r l = h t t p s % 3 A % 2 F % 2 F c n n - a r a b i c - i m a g e s . c n n . i o % 2 F c l o u d i n a r y % 2 F i m a g e % 2 F u p l o a d % 2 F x _ 0 % 2 C y _ 0 % 2 C w _ 1 5 9 7 % 2 C h _ 8 9 8 % 2 C c _ c r o p % 2 F w _ 1 5 9 7 % 2 C h _ 8 3 8 % 2 C c _ f i l l % 2 C q _ a u t o % 2 C g _ c e n t e r % 2 F t _ c n n a r a b i c _ w a t e r m a r k _ l o g o _ v 5 % 2 F c n n a r a b i c % 2 F 2 0 2 3 % 2 F 1 1 % 2 F 1 2 % 2 F i m a g e s % 2 F 2 5 4 5 3 7 . j p g & f b _ o b o = 1 & u t l d = c n n . i o & s t p = c 0 . 5 0 0 0 x 0 . 5 0 0 0 f _ d s t - j p g _ f l f f f f f f _ p 5 0 0 x 2 6 1 _ q 7 5 & c c b = 1 3 - 1 & o h = 0 6 _ A b H V 8 s Q K c G T 2 u M P L p D y T e 5 3 G W 2 k u Q B X z D r e C P V s c y - e z 9 Q & o e = 6 5 5 2 A D 2 6 & _ n c _ s i d = d b a d 3 9,https://www.facebook.com/CNNArabic/posts/pfbid02s9jeXHcaLtNQN14dgWvPZr3vQxrDNi4zStNTDDHuHNWAUcYKW7oCbFfNkLB8tgMgl?__cft__[0]=AZUDHB8Q80O8rIZPXJwW-Y0s-8rfzznqH4zk9Vx4fr3qydMiWifGv2BmX8PSoRyu-ZLfz72ckY7__sgD4Lce8upaYWaUP3MeQVPXrT2wOf_EJsA5K7pCQo00jcg8nHOsLQwn5X5s8mgwrR06t2QK_P6qGYOkRRsJiwg_m1-IX5xmPcZBiXVWSf1haY6qwCTZInrT0GR03nmRyyagd8kvcezM&__tn__=%2CO%2CP-R,_ — b هد‎ | L S د‎
pfbid0QGKrvceqavND1ZH8JGA8Rjr5dNP4zHHarndcLXz9Jh3NyyBu8YWeuJHKv3Hrgbkdl,CNNArabic,0,0,مصدر: رئيس وزراء قطر قال لبلينكن إن مفاوضات الرهائن في اتجاه إيجابي لكن الوضع متغير,2023-11-12:00:15,h t t p s : / / e x t e r n a l . f t u n 1 5 - 1 . f n a . f b c d n . n e t / e m g 1 / v / t 1 3 / 1 6 8 4 6 4 8 5 3 1 6 5 4 5 1 0 6 3 4 3 ? u r l = h t t p s % 3 A % 2 F % 2 F c n n - a r a b i c - i m a g e s . c n n . i o % 2 F c l o u d i n a r y % 2 F i m a g e % 2 F u p l o a d % 2 F x _ 0 % 2 C y _ 0 % 2 C w _ 3 3 6 3 % 2 C h _ 1 8 9 1 % 2 C c _ c r o p % 2 F w _ 1 9 2 0 % 2 C h _ 1 0 0 8 % 2 C c _ f i l l % 2 C q _ a u t o % 2 C g _ c e n t e r % 2 F t _ c n n a r a b i c _ w a t e r m a r k _ l o g o _ v 5 % 2 F c n n a r a b i c % 2 F 2 0 2 3 % 2 F 1 1 % 2 F 1 2 % 2 F i m a g e s % 2 F 2 5 4 5 3 6 . j p g & f b _ o b o = 1 & u t l d = c n n . i o & s t p = c 0 . 5 0 0 0 x 0 . 5 0 0 0 f _ d s t - j p g _ f l f f f f f f _ p 5 0 0 x 2 6 1 _ q 7 5 & c c b = 1 3 - 1 & o h = 0 6 _ A b G r X r y v a Y V 5 W a i Q p u f V p q E g z k W K n I n K J 3 9 H H X l E d G X a q A & o e = 6 5 5 2 9 D 4 C & _ n c _ s i d = d b a d 3 9,https://www.facebook.com/CNNArabic/posts/pfbid0QGKrvceqavND1ZH8JGA8Rjr5dNP4zHHarndcLXz9Jh3NyyBu8YWeuJHKv3Hrgbkdl?__cft__[0]=AZVDve2o3eTanLzSrN2L8t13n-uneJ6lLj76K_x8KgGFkDClRqaPRi7p0Yonv04mID08wW-Lmtozh8ZYpYkVy0pcToXoiSf6fSQoYaKLai7jKPdVg1ShdyxwXbJfrFtFhrF6IS7ZuAxGIaJhLFTB5XTJE_9d-H_nMI5VM4Cxlk7LVt2gVKUemVzuzEAvtoQsVIgxS7yCM7i2kc4O9_O-kDGG&__tn__=%2CO%2CP-R,"S\ =,‏ م لشعاسه 08 | ان الح"
pfbid0jsCiV9oc5HWm2HhxVVedvzpEkUjHwC3vgT48gStCUmkwqcXXdzQ8maKmtNptwwKgl,CNNArabic,6,67,"وزير خارجية السعودية ردًا على سؤال: ""أي مستقبل أتحدث عنه وغزة تدمر وكل ساعة يموت العشرات""",2023-11-12:00:15,h t t p s : / / e x t e r n a l . f t u n 1 5 - 1 . f n a . f b c d n . n e t / e m g 1 / v / t 1 3 / 1 2 5 5 7 9 3 6 4 3 3 1 0 5 3 3 2 3 5 5 ? u r l = h t t p s % 3 A % 2 F % 2 F c n n - a r a b i c - i m a g e s . c n n . i o % 2 F c l o u d i n a r y % 2 F i m a g e % 2 F u p l o a d % 2 F x _ 0 % 2 C y _ 0 % 2 C w _ 6 7 3 8 % 2 C h _ 3 7 9 0 % 2 C c _ c r o p % 2 F w _ 1 9 2 0 % 2 C h _ 1 0 0 8 % 2 C c _ f i l l % 2 C q _ a u t o % 2 C g _ c e n t e r % 2 F t _ c n n a r a b i c _ w a t e r m a r k _ l o g o _ v 5 % 2 F c n n a r a b i c % 2 F 2 0 2 3 % 2 F 1 1 % 2 F 1 2 % 2 F i m a g e s % 2 F 2 5 4 5 3 5 . j p g & f b _ o b o = 1 & u t l d = c n n . i o & s t p = c 0 . 5 0 0 0 x 0 . 5 0 0 0 f _ d s t - j p g _ f l f f f f f f _ p 5 0 0 x 2 6 1 _ q 7 5 & c c b = 1 3 - 1 & o h = 0 6 _ A b E x f 9 D 8 4 q T y r R v - 6 a F a e A V W A v X r i K X T L X r S 9 J k p P T J E c g & o e = 6 5 5 2 D D B C & _ n c _ s i d = d b a d 3 9,https://www.facebook.com/CNNArabic/posts/pfbid0jsCiV9oc5HWm2HhxVVedvzpEkUjHwC3vgT48gStCUmkwqcXXdzQ8maKmtNptwwKgl?__cft__[0]=AZVaxE0eWgS-684kn8LxcOQuor_KYcPPcMmWBW4OMb0TaQpQx9S48UuJ4YZ-A8Q4Gsef6GkJW0jtxtZexwsZQ2CUS2qiQBnAa3s_WoBSSDuBveR9YdydM-sHKB338Mw_ZHLYS28tjhjLWcLD18O0ZaTYKQT7id9Vgsu-OqD5ai-3aqMHZuNbHtjaerve7CAsRXuEyhZe8cfErHVaQhJxrKCR&__tn__=%2CO%2CP-R,تب ع1 = أ a R\‏ 2 B ’ \ “f . /;‏ ’ 0 4 2
pfbid0QFEX6b76JNMAb9Dry2HCmWRrfGsTpj31pPG2fozsYmGvAPwVEnd8t2xngWm8ni26l,CNNArabic,1,12,معبر رفح يعمل الأحد للسماح بخروج أجانب من غزة.. و53 شاحنة دخلت القطاع السبت,2023-11-11:23:15,h t t p s : / / e x t e r n a l . f t u n 1 5 - 1 . f n a . f b c d n . n e t / e m g 1 / v / t 1 3 / 1 8 1 7 8 8 7 4 6 8 0 4 3 1 5 7 9 3 5 8 ? u r l = h t t p s % 3 A % 2 F % 2 F c n n - a r a b i c - i m a g e s . c n n . i o % 2 F c l o u d i n a r y % 2 F i m a g e % 2 F u p l o a d % 2 F x _ 0 % 2 C y _ 0 % 2 C w _ 5 2 9 2 % 2 C h _ 2 9 7 7 % 2 C c _ c r o p % 2 F w _ 1 9 2 0 % 2 C h _ 1 0 0 8 % 2 C c _ f i l l % 2 C q _ a u t o % 2 C g _ c e n t e r % 2 F t _ c n n a r a b i c _ w a t e r m a r k _ l o g o _ v 5 % 2 F c n n a r a b i c % 2 F 2 0 2 3 % 2 F 1 1 % 2 F 1 2 % 2 F i m a g e s % 2 F 2 5 4 5 3 4 . j p g & f b _ o b o = 1 & u t l d = c n n . i o & s t p = c 0 . 5 0 0 0 x 0 . 5 0 0 0 f _ d s t - j p g _ f l f f f f f f _ p 5 0 0 x 2 6 1 _ q 7 5 & c c b = 1 3 - 1 & o h = 0 6 _ A b E u N K n z I k N c A Z l P Z T N Y 7 b V k R G W h M d I - 6 i _ w t V T 7 v W S O M w & o e = 6 5 5 2 D 0 C B & _ n c _ s i d = d b a d 3 9,https://www.facebook.com/CNNArabic/posts/pfbid0QFEX6b76JNMAb9Dry2HCmWRrfGsTpj31pPG2fozsYmGvAPwVEnd8t2xngWm8ni26l?__cft__[0]=AZV7t_1T3WlF1h5xuQ9amXiQns3MEp9j7W4YX9eFvUu5fWM2kWHthtGdrq3KhCFpWkzB-P4tiAr5jtimYQt0IJoCtmQfjznQpoCp7EAEepv7DEakThRNo-ravD7JgSCuxw1EjnfBYKsg1Ui4dMpqXPe3GilL_4Qd0o7o7DVEvF2UOdUXBs5l2IPxs_GF21Iej8fciI0xIHSKM5l-wbZPsGIt&__tn__=%2CO%2CP-R,""" . & I Wb كران‎ 5, ;‘. s وماج‎ g كن تس 0 ا سد يا‎ 0 ¥4 ذا بع ال ! ل R‏ 8ص 8 تئر | s‏ ol‏ ¥ مي Py o & W = X"
pfbid01JBTUUPwLHZDF5wvZkFRGPEJ6ytA5CfLTyzQLEbmTGhzZjXpvfqWCiK7c3bUHTBVl,CNNArabic,12,34,مظاهرات حاشدة مؤيدة للفلسطينيين في عواصم أوروبية.. و300 ألف في مسيرة لندن,2023-11-11:22:15,h t t p s : / / e x t e r n a l . f t u n 1 5 - 1 . f n a . f b c d n . n e t / e m g 1 / v / t 1 3 / 4 5 9 5 7 1 6 8 0 8 3 9 0 9 8 7 5 5 9 ? u r l = h t t p s % 3 A % 2 F % 2 F c n n - a r a b i c - i m a g e s . c n n . i o % 2 F c l o u d i n a r y % 2 F i m a g e % 2 F u p l o a d % 2 F x _ 0 % 2 C y _ 0 % 2 C w _ 1 5 9 8 % 2 C h _ 8 9 9 % 2 C c _ c r o p % 2 F w _ 1 5 9 8 % 2 C h _ 8 3 9 % 2 C c _ f i l l % 2 C q _ a u t o % 2 C g _ c e n t e r % 2 F t _ c n n a r a b i c _ w a t e r m a r k _ l o g o _ v 5 % 2 F c n n a r a b i c % 2 F 2 0 2 3 % 2 F 1 1 % 2 F 1 2 % 2 F i m a g e s % 2 F 2 5 4 5 3 3 . j p g & f b _ o b o = 1 & u t l d = c n n . i o & s t p = c 0 . 5 0 0 0 x 0 . 5 0 0 0 f _ d s t - j p g _ f l f f f f f f _ p 5 0 0 x 2 6 1 _ q 7 5 & c c b = 1 3 - 1 & o h = 0 6 _ A b H A 4 U x i E B J V c T 8 g J w r Y - 7 i T n l 8 R U L - O 3 x 0 4 n q c G t y Q D 7 Q & o e = 6 5 5 2 B 7 C 6 & _ n c _ s i d = d b a d 3 9,https://www.facebook.com/CNNArabic/posts/pfbid01JBTUUPwLHZDF5wvZkFRGPEJ6ytA5CfLTyzQLEbmTGhzZjXpvfqWCiK7c3bUHTBVl?__cft__[0]=AZU0S3CnBjaq0M9vykAfJQYUYDVqtdC34xJOFDj-JV1FFCztyRYjQepEOV2NR65W7xasGtsEMr3D9fev1SdC6TDzxHSfQy5ODr58ej7i2DLwIADCvFRcoTRevXz1eo9Mzk7VlHcW5-yOdWnCnnok1haxj2sJ09zeKe9okqSx2n1EvSZAYLr1076ip3M9IAFNH3oK0R5We5vGCyoUjnDXKoKI&__tn__=%2CO%2CP-R,الو TR‏ - + ذا اليو 7 5
pfbid02cxHrjwGnbU7xNwxMbGrZZSd9qPS3iFEsvEgtdvXHr2r8YprpZMNs2pfUrWocXaTnl,CNNArabic,0,3,تفاعل مع أول أهداف أنطوني موديست مع الأهلي في الدوري المصري.. إليكم أبرز التعليقات,2023-11-11:22:15,h t t p s : / / e x t e r n a l . f t u n 1 5 - 1 . f n a . f b c d n . n e t / e m g 1 / v / t 1 3 / 1 3 6 2 3 5 3 8 9 5 7 3 4 4 8 1 8 7 6 8 ? u r l = h t t p s % 3 A % 2 F % 2 F c n n - a r a b i c - i m a g e s . c n n . i o % 2 F c l o u d i n a r y % 2 F i m a g e % 2 F u p l o a d % 2 F x _ 0 % 2 C y _ 4 2 % 2 C w _ 2 0 4 6 % 2 C h _ 1 1 5 1 % 2 C c _ c r o p % 2 F w _ 1 9 2 0 % 2 C h _ 1 0 0 8 % 2 C c _ f i l l % 2 C q _ a u t o % 2 C g _ c e n t e r % 2 F t _ c n n a r a b i c _ w a t e r m a r k _ l o g o _ v 5 % 2 F c n n a r a b i c % 2 F 2 0 2 3 % 2 F 1 1 % 2 F 1 1 % 2 F i m a g e s % 2 F 2 5 4 5 2 9 . j p g & f b _ o b o = 1 & u t l d = c n n . i o & s t p = c 0 . 5 0 0 0 x 0 . 5 0 0 0 f _ d s t - j p g _ f l f f f f f f _ p 5 0 0 x 2 6 1 _ q 7 5 & c c b = 1 3 - 1 & o h = 0 6 _ A b G K c G b y K 3 C q V i C b M n z Y B I 4 p E t Q s P 9 o b t k S w m z z L f A a 5 U Q & o e = 6 5 5 2 E F E 4 & _ n c _ s i d = d b a d 3 9,https://www.facebook.com/CNNArabic/posts/pfbid02cxHrjwGnbU7xNwxMbGrZZSd9qPS3iFEsvEgtdvXHr2r8YprpZMNs2pfUrWocXaTnl?__cft__[0]=AZW8nTIABE_YY1SKdqdiuYm1mcju505QKy8TZvfYJN8TpXZhE9rt0d7xnFr3n3JlZiUN5adhBapRviVjoaDheQGv4AovgrEB54krjlUGzubA_ZuEVqg6D6u-x7D2O2pX0YhmPaUBGqoKVmxbPZ2V2tpDa7Pa0QGsvE1ovBWpqcbglylR24xYXvCEzrdAV3EQOsKYHyM66HuFdFSPWPxknfEd&__tn__=%2CO%2CP-R,8 ا‎ \ 0y I8
pfbid0mJ6N2yeYhpEqeSiL2j8DngL3DcXi1DqoXbWZZEGNUAPSiq7bAEVqUBRZqZFigp6cl,CNNArabic,40,25,"""نحن نُقتل هنا.. أطفالي يصرخون من الخوف"".. رسائل نقلها مسؤول ""أطباء بلا حدود"" من مستشفى الشفاء بغزةhttps://cnn.it/47sASbh",2023-11-11:22:15,h t t p s : / / s c o n t e n t . f t u n 1 5 - 1 . f n a . f b c d n . n e t / v / t 1 5 . 5 2 5 6 - 1 0 / 3 8 4 6 6 2 4 8 0 _ 8 5 9 3 7 3 7 9 9 0 5 4 8 1 6 _ 7 8 0 4 7 0 7 7 8 6 6 2 0 8 4 8 4 6 6 _ n . j p g ? s t p = d s t - j p g _ p 1 8 0 x 5 4 0 & _ n c _ c a t = 1 0 5 & c c b = 1 - 7 & _ n c _ s i d = 1 a 7 0 2 9 & _ n c _ o h c = s A g M _ g B q x k o A X _ C c Y J S & _ n c _ h t = s c o n t e n t . f t u n 1 5 - 1 . f n a & o h = 0 0 _ A f D r s o B 3 4 i k J 1 5 b m N Q D B 5 O M V X 7 g B v Q z p N y L W c 2 c 4 u Z 2 R 0 Q & o e = 6 5 5 6 3 6 6 6,https://www.facebook.com/CNNArabic/posts/pfbid0mJ6N2yeYhpEqeSiL2j8DngL3DcXi1DqoXbWZZEGNUAPSiq7bAEVqUBRZqZFigp6cl?__cft__[0]=AZWLylRq705vqQGtq3cXz2jDqQAeE6Vl3N1pgC5zLNO0dU0ez89wSuVMzIZ_d-B2jf1BxB1ekk_CCC9OCjV3Sowt42_1wRv6pMCeWswLco4bPbFv9d1n_7nNMXxrLfs6Bk8BEqf16inhwAHPqjUMQs2SceurxDgoS86t82kFHhEJjL2HaLkr45Id9RCHUFj0NZLbZn0aJeeKf1QSl19WffJM&__tn__=%2CO%2CP-R,L . ال 88 مستا 01ل‎ i e W \i اليد لات‎ 5 - واي‎ 7 3 ‘:‘_‘dﬁ 5 i - صده ها‎ 8 3 9 _ التفسمي‎ i . 4 0
pfbid02VB9LNiToW5UDoKbCtnJ7uYxx26ReyHucmVABYqAuTRdtgwJsgnhkQrhTH3bVPAThl,CNNArabic,3,23,"""تمنيت قرارات عملية"".. #حمد_بن_جاسم يعلق على القمة العربية الإسلامية في #الرياض بشأن #غزة",2023-11-11:21:15,h t t p s : / / e x t e r n a l . f t u n 1 5 - 1 . f n a . f b c d n . n e t / e m g 1 / v / t 1 3 / 6 0 8 0 4 0 2 9 2 8 0 1 0 6 7 7 6 2 2 ? u r l = h t t p s % 3 A % 2 F % 2 F c n n - a r a b i c - i m a g e s . c n n . i o % 2 F c l o u d i n a r y % 2 F i m a g e % 2 F u p l o a d % 2 F x _ 0 % 2 C y _ 0 % 2 C w _ 4 9 3 1 % 2 C h _ 2 7 7 4 % 2 C c _ c r o p % 2 F w _ 1 9 2 0 % 2 C h _ 1 0 0 8 % 2 C c _ f i l l % 2 C q _ a u t o % 2 C g _ c e n t e r % 2 F t _ c n n a r a b i c _ w a t e r m a r k _ l o g o _ v 5 % 2 F c n n a r a b i c % 2 F 2 0 2 3 % 2 F 1 1 % 2 F 1 1 % 2 F i m a g e s % 2 F 2 5 4 5 3 1 . j p g & f b _ o b o = 1 & u t l d = c n n . i o & s t p = c 0 . 5 0 0 0 x 0 . 5 0 0 0 f _ d s t - j p g _ f l f f f f f f _ p 5 0 0 x 2 6 1 _ q 7 5 & c c b = 1 3 - 1 & o h = 0 6 _ A b H V b c 5 L G s k 2 J o 2 Y Y T P 1 i x l w M o j D p h o H n L F i _ W z 7 _ 2 n T 0 Q & o e = 6 5 5 2 8 2 9 4 & _ n c _ s i d = d b a d 3 9,https://www.facebook.com/CNNArabic/posts/pfbid02VB9LNiToW5UDoKbCtnJ7uYxx26ReyHucmVABYqAuTRdtgwJsgnhkQrhTH3bVPAThl?__cft__[0]=AZWyimD5CTv-QTaVvzfOGCRyvS_qny2T9azBWoDSJF-4ydC0p9FexbqX5zZc-SFiENTOvsOeBl8IGd7vaEMkh3jztrQ6srFAafxXgx7HoLSmnhnfrhKn3CSJT5Q83mvqIF8iZF72ZONP3OkKZuHQvTaugPEPY91afu62yIg86Ayd47i1M4UDjnqc4ng22VgSgX5tS8cjdwaP0ojazjHYvLfm&__tn__=%2CO%2CP-R,P o ل‎ ~
pfbid02WUVwwnsPv6Ea928zimiazWKybAViy2TE9kXtway9pmEodVw2Y1tqN8oXjKcGMc4sl,CNNArabic,0,2,"بطريقة ""لدغة العقرب"".. هدف ""عالمي"" في الدوري التركي يخطف الأنظار",2023-11-11:21:15,h t t p s : / / e x t e r n a l . f t u n 1 5 - 1 . f n a . f b c d n . n e t / e m g 1 / v / t 1 3 / 1 6 5 5 4 8 9 7 2 0 1 1 0 4 1 5 0 3 2 6 ? u r l = h t t p s % 3 A % 2 F % 2 F c n n - a r a b i c - i m a g e s . c n n . i o % 2 F c l o u d i n a r y % 2 F i m a g e % 2 F u p l o a d % 2 F x _ 0 % 2 C y _ 0 % 2 C w _ 2 0 4 9 % 2 C h _ 1 1 5 3 % 2 C c _ c r o p % 2 F w _ 1 9 2 0 % 2 C h _ 1 0 0 8 % 2 C c _ f i l l % 2 C q _ a u t o % 2 C g _ c e n t e r % 2 F t _ c n n a r a b i c _ w a t e r m a r k _ l o g o _ v 5 % 2 F c n n a r a b i c % 2 F 2 0 2 3 % 2 F 1 1 % 2 F 1 1 % 2 F i m a g e s % 2 F 2 5 4 5 1 3 . j p g & f b _ o b o = 1 & u t l d = c n n . i o & s t p = c 0 . 5 0 0 0 x 0 . 5 0 0 0 f _ d s t - j p g _ f l f f f f f f _ p 5 0 0 x 2 6 1 _ q 7 5 & c c b = 1 3 - 1 & o h = 0 6 _ A b F l 0 u f 9 k m C 9 Q y i j V z T Q o x J 9 y 9 F B S e i h k O P w 1 9 9 b A c f Y u Q & o e = 6 5 5 2 A F 6 9 & _ n c _ s i d = d b a d 3 9,https://www.facebook.com/CNNArabic/posts/pfbid02WUVwwnsPv6Ea928zimiazWKybAViy2TE9kXtway9pmEodVw2Y1tqN8oXjKcGMc4sl?__cft__[0]=AZX87eDGefoKlb0Ae62nldAQ5q3n4F5JF2K8pzba-BG6IN_ET50idY_r3DX0guIKN3Wv-nI6bhitB81SMAmwS4xdYKKyckkTYQme96GU1feSmzJsUS_Gyp748YKYjEo-ccHl8MHTcekRO6epXIVxpGTNSE__Opw-EYcbH8B6Tyrd5cWehHVQ37sV-ihYrRWvFmosYiaNFdc511xBuXS3BX8i&__tn__=%2CO%2CP-R,"Y. PY . =‏ انها ان أب .أ ان© k- Y‏ ار \ 7"" I‏ .0 لحز هد AR‏ #4 « ا 0 ددن ذا B‏ و د ا ل 2 » ‘ 3 97 - 4 ‘. 2- 7 7*7 ال ل الل - A‏ & . 4;: . اكوم"
pfbid02fMke1yi5xuJyenMDqcXnBPxgP4w1BkM4i4dwWr16o4hes2cbd7jYV7pYbQtWvTSEl,CNNArabic,0,0,"مراسل CNN: مستشفى الشفاء خرج عن الخدمة ورُضع يتنفسون ""يدويًا"".. والجثث تراكمت بسبب القتالhttps://cnn.it/3FSGOyy",2023-11-11:20:16,h t t p s : / / s t a t i c . x x . f b c d n . n e t / r s r c . p h p / v 3 / y 9 / r / Z - d b C l Q D X L v . p n g,https://www.facebook.com/CNNArabic/posts/pfbid02fMke1yi5xuJyenMDqcXnBPxgP4w1BkM4i4dwWr16o4hes2cbd7jYV7pYbQtWvTSEl?__cft__[0]=AZW_onFJuqeSsiph4w9HoVy9346Lz6v1za34zmfEIe3hFy1dVhvB-nISG404lw92uIMwpfrSqDmTZLP1C6L17yXTfdKMjSY-i0n1Do4xiNLEgx9LDRQfmq_dcg2UiM8eBm4VikHl_z5zgrhf-sUTlCRuTX77yJlnx2r0Wu_6ARcoecq2z09vsPbyOGRg9-n-CM139Cq-S2RUKwbco5PIYavu&__tn__=%2CO%2CP-R,1
pfbid0Y1Q31z873PPHzZYz6AVJ76iAFHDuJZ87wyR4hevAxu9gYTe9gn61PKR6Yxw3N66kl,CNNArabic,0,0,"البيان الختامي لـ #القمة_العربية_الإسلامية في #الرياض يدين ""العدوان الإسرائيلي وجرائم الحرب والمجازر البربرية والوحشية على #غزة""",2023-11-11:20:16,h t t p s : / / e x t e r n a l . f t u n 1 5 - 1 . f n a . f b c d n . n e t / e m g 1 / v / t 1 3 / 4 1 5 6 7 6 5 5 0 7 5 5 3 4 5 8 6 7 9 ? u r l = h t t p s % 3 A % 2 F % 2 F c n n - a r a b i c - i m a g e s . c n n . i o % 2 F c l o u d i n a r y % 2 F i m a g e % 2 F u p l o a d % 2 F w _ 1 9 2 0 % 2 C h _ 1 0 0 8 % 2 C c _ f i l l % 2 C q _ a u t o % 2 C g _ c e n t e r % 2 F t _ c n n a r a b i c _ w a t e r m a r k _ l o g o _ v 5 % 2 F c n n a r a b i c % 2 F 2 0 2 3 % 2 F 1 1 % 2 F 1 1 % 2 F i m a g e s % 2 F 2 5 4 5 3 0 . j p g & f b _ o b o = 1 & u t l d = c n n . i o & s t p = c 0 . 5 0 0 0 x 0 . 5 0 0 0 f _ d s t - j p g _ f l f f f f f f _ p 5 0 0 x 2 6 1 _ q 7 5 & c c b = 1 3 - 1 & o h = 0 6 _ A b E y i o A 3 3 h Q D J E G o 0 0 b r J d V o C H Z E 1 5 O C 2 _ p 0 g M 2 7 9 p L 2 S Q & o e = 6 5 5 2 E E B 8 & _ n c _ s i d = d b a d 3 9,https://www.facebook.com/CNNArabic/posts/pfbid0Y1Q31z873PPHzZYz6AVJ76iAFHDuJZ87wyR4hevAxu9gYTe9gn61PKR6Yxw3N66kl?__cft__[0]=AZXqnksmVzS56MAVcAGhijnsrRUgenYCc5lH8jwFiHlncV46U2EjXPL3cs3z3N0Dm5qwmDZYTludx_QDKl8baprIkG8EmOfdYym9js7FiBMEYw63FXloaQay__Exnt0QWuI9wFAKKUlaHBb33yk1BwsDYh9x0sQVs_AG5mXbdkA5MMBZXYCCo-6EK2LsFtxCD9XAJS7bg_XcNX24zog1UiAQ&__tn__=%2CO%2CP-R,"ا م P e‏ زِ / ل 0 | 11 8 أ | ]' i‏ 0 1 > ا ل 8 11,11"
pfbid02NLAbKFe8icVfXjX1gL7AV41TQvyjXehZAhrUmChC1Ro8dmXpGZrAzdgrDZLUeXDtl,CNNArabic,0,3,"""افعلها وسأطلق النار عليك"".. شاهد ما فعله ضابط لرجل حاول الفرار من الشرطة",2023-11-11:20:16,h t t p s : / / e x t e r n a l . f t u n 1 5 - 1 . f n a . f b c d n . n e t / e m g 1 / v / t 1 3 / 1 1 3 7 8 8 5 4 4 8 7 4 5 1 3 2 4 2 7 7 ? u r l = h t t p s % 3 A % 2 F % 2 F c n n - a r a b i c - i m a g e s . c n n . i o % 2 F c l o u d i n a r y % 2 F i m a g e % 2 F u p l o a d % 2 F w _ 1 9 2 0 % 2 C h _ 1 0 0 8 % 2 C c _ f i l l % 2 C q _ a u t o % 2 C g _ c e n t e r % 2 F t _ c n n a r a b i c _ w a t e r m a r k _ l o g o _ v 5 % 2 F t _ c n n a r a b i c _ w a t e r m a r k _ p l a y e r _ i c o n _ v 2 % 2 F c n n a r a b i c % 2 F 2 0 2 3 % 2 F 1 1 % 2 F 1 1 % 2 F i m a g e s % 2 F 2 5 4 5 1 7 . j p g & f b _ o b o = 1 & u t l d = c n n . i o & s t p = c 0 . 5 0 0 0 x 0 . 5 0 0 0 f _ d s t - j p g _ f l f f f f f f _ p 5 0 0 x 2 6 1 _ q 7 5 & c c b = 1 3 - 1 & o h = 0 6 _ A b E 9 - 7 w p n O B P T e 6 B j p P 6 K r r u 6 l b P m E L _ h H Z 6 G e l t w 9 n j C A & o e = 6 5 5 2 A 3 C D & _ n c _ s i d = d b a d 3 9,https://www.facebook.com/CNNArabic/posts/pfbid02NLAbKFe8icVfXjX1gL7AV41TQvyjXehZAhrUmChC1Ro8dmXpGZrAzdgrDZLUeXDtl?__cft__[0]=AZXqY4hNGZoDiBZWwr8MpAhtBO1up5d9izCPtDyZY7dTQjmw9rZrOnkVJ76GkJNUd5nGNczOE5uw7asKfELor5XeQIb2SxVGvzmZucBRaxpAnDThLPBDNxxyuhw-RjEx9Hu1FHR0QFnJIwTj8zktMfObct6hID0rYmZURb6lAZmNMUDbmKiO_144DohqSqM-HvxfKBAiK84a9Ivs-kAtHkAV&__tn__=%2CO%2CP-R,. XN BoDY 2 XEBROUZCERG A vi دح قا«(‎ Yy ‘ 8 ‘
pfbid0jtqjEC8DzkhAvQPFV6WSy5Bmt5ccNAmwMDD1iAZuqDKoDY9xdwrNdymWKk8Zayhkl,CNNArabic,4,34,#السيسي يلتقي #محمد_بن_سلمان و #إبراهيم_رئيسي و #بشار_الأسد في #الرياض.. وتفاعل على اجتماعه مع #أردوغان,2023-11-11:19:16,h t t p s : / / e x t e r n a l . f t u n 1 5 - 1 . f n a . f b c d n . n e t / e m g 1 / v / t 1 3 / 1 7 7 1 5 1 5 1 9 3 3 7 9 7 8 5 1 2 9 5 ? u r l = h t t p s % 3 A % 2 F % 2 F c n n - a r a b i c - i m a g e s . c n n . i o % 2 F c l o u d i n a r y % 2 F i m a g e % 2 F u p l o a d % 2 F x _ 0 % 2 C y _ 7 2 % 2 C w _ 1 5 9 9 % 2 C h _ 9 0 0 % 2 C c _ c r o p % 2 F w _ 1 5 9 9 % 2 C h _ 8 3 9 % 2 C c _ f i l l % 2 C q _ a u t o % 2 C g _ c e n t e r % 2 F t _ c n n a r a b i c _ w a t e r m a r k _ l o g o _ v 5 % 2 F c n n a r a b i c % 2 F 2 0 2 3 % 2 F 1 1 % 2 F 1 1 % 2 F i m a g e s % 2 F 2 5 4 5 2 3 . j p g & f b _ o b o = 1 & u t l d = c n n . i o & s t p = c 0 . 5 0 0 0 x 0 . 5 0 0 0 f _ d s t - j p g _ f l f f f f f f _ p 5 0 0 x 2 6 1 _ q 7 5 & c c b = 1 3 - 1 & o h = 0 6 _ A b G 4 H G d O _ u 2 R p i 2 P 3 p _ i s f j y J 1 7 o Z b A a _ T S D 6 7 D X h 3 v B y A & o e = 6 5 5 2 7 C 5 8 & _ n c _ s i d = d b a d 3 9,https://www.facebook.com/CNNArabic/posts/pfbid0jtqjEC8DzkhAvQPFV6WSy5Bmt5ccNAmwMDD1iAZuqDKoDY9xdwrNdymWKk8Zayhkl?__cft__[0]=AZVvCGAQPl7V50WtbWH755N_rvwXfRShZH-oTHFOMdPro7nFvCDqI3TBmcIYcTnBXFgSrIRbDKk2wKO8yOSV47yLHM7GQq7NfrUcQkJYEz3e27rVONiBBhleZ6FPh6fQCzN-tSEtCgMUKS_ZnVYnD3aoLQIyXm0fUEIClXvgPzFn8NK3QbEzvhjS0Meoi0gY_Rv2gbEQ2aXfcMBcXR9kNda6&__tn__=%2CO%2CP-R,"il e Nyl 1 2 أ .ف‎ ,"
pfbid09aABTxpKgCdwYVa21VtcKFgj3Kaj33NC82WvLu9KmvbeDRzJhkycLGrJTQ2rcivrl,CNNArabic,4,1,دراسة: الشعور بالوحدة قد يؤدي إلى الموت المبكر.. ما السبب؟,2023-11-11:19:16,h t t p s : / / e x t e r n a l . f t u n 1 5 - 1 . f n a . f b c d n . n e t / e m g 1 / v / t 1 3 / 1 6 5 0 6 9 2 9 8 5 3 2 2 7 8 6 6 8 5 6 ? u r l = h t t p s % 3 A % 2 F % 2 F c n n - a r a b i c - i m a g e s . c n n . i o % 2 F c l o u d i n a r y % 2 F i m a g e % 2 F u p l o a d % 2 F w _ 1 9 2 0 % 2 C h _ 1 0 0 8 % 2 C c _ f i l l % 2 C q _ a u t o % 2 C g _ c e n t e r % 2 F t _ c n n a r a b i c _ w a t e r m a r k _ l o g o _ v 5 % 2 F t _ c n n a r a b i c _ w a t e r m a r k _ p l a y e r _ i c o n _ v 2 % 2 F c n n a r a b i c % 2 F 2 0 2 3 % 2 F 1 1 % 2 F 1 1 % 2 F i m a g e s % 2 F 2 5 4 4 8 8 . j p g & f b _ o b o = 1 & u t l d = c n n . i o & s t p = c 0 . 5 0 0 0 x 0 . 5 0 0 0 f _ d s t - j p g _ f l f f f f f f _ p 5 0 0 x 2 6 1 _ q 7 5 & c c b = 1 3 - 1 & o h = 0 6 _ A b G p T A Q 5 v R J z X 2 v 7 k 6 O F p J o W 4 7 h O b Z K n m Z n A 6 K U j R S h T Y Q & o e = 6 5 5 2 E 2 6 C & _ n c _ s i d = d b a d 3 9,https://www.facebook.com/CNNArabic/posts/pfbid09aABTxpKgCdwYVa21VtcKFgj3Kaj33NC82WvLu9KmvbeDRzJhkycLGrJTQ2rcivrl?__cft__[0]=AZVNvKfP5v7mDUsGzFXrNTMWHA0EkpXFmGhImj6Im__BLX2VSD726FOcYqtJnXWKHwcxvZcXyqXMYZT4DiwipJs6P32iYIotDblY0oJqqHSIVNYtOe3lIdi4OSKTaLoDc3wjbsddZrlgAuyu_cYfvx8SFkYGvN3Miu9J25sK3LZYCXAbrSmORk539fLPKorJzMTUFUsG3yuhCNslns0-tjKT&__tn__=%2CO%2CP-R,"ال | نج شك . - جع الا N m “J‏ > أ"" \ %2 \ o‏"
pfbid021u7hthqyHw4eDGgH8CLhP1LP4v6y3jDE5bQU73uEJDG555Fk4n4Kfk25haXv9qTl,CNNArabic,0,1,منها مساحة مشتركة بين البشر والحًمام.. نظرة على أعمال تجهيز فني مبتكرة بأسبوع #دبي للتصميم,2023-11-11:19:16,h t t p s : / / e x t e r n a l . f t u n 1 5 - 1 . f n a . f b c d n . n e t / e m g 1 / v / t 1 3 / 1 1 3 0 5 7 3 3 6 9 4 6 7 2 8 9 7 8 1 6 ? u r l = h t t p s % 3 A % 2 F % 2 F c n n - a r a b i c - i m a g e s . c n n . i o % 2 F c l o u d i n a r y % 2 F i m a g e % 2 F u p l o a d % 2 F w _ 1 9 2 0 % 2 C h _ 1 0 0 8 % 2 C c _ f i l l % 2 C q _ a u t o % 2 C g _ c e n t e r % 2 F t _ c n n a r a b i c _ w a t e r m a r k _ l o g o _ v 5 % 2 F c n n a r a b i c % 2 F 2 0 2 3 % 2 F 1 1 % 2 F 1 1 % 2 F i m a g e s % 2 F 2 5 4 5 0 2 . j p g & f b _ o b o = 1 & u t l d = c n n . i o & s t p = c 0 . 5 0 0 0 x 0 . 5 0 0 0 f _ d s t - j p g _ f l f f f f f f _ p 5 0 0 x 2 6 1 _ q 7 5 & c c b = 1 3 - 1 & o h = 0 6 _ A b F L p q _ f e E u c o 5 f m R m I x z L q Z f D Y z q x Q f A - z J 6 v N 6 y 7 J 7 d Q & o e = 6 5 5 2 A A 6 E & _ n c _ s i d = d b a d 3 9,https://www.facebook.com/CNNArabic/posts/pfbid021u7hthqyHw4eDGgH8CLhP1LP4v6y3jDE5bQU73uEJDG555Fk4n4Kfk25haXv9qTl?__cft__[0]=AZUZRzyxYhAuX22FqUDJi1WciedOnxB17ZKu1UxdK2RRk5YIEeMCncuCydktEOwdyagdbve1oUzdwfVRk9lpIAhAN2uyuU8VL_XlIJ26NrZcnHetlR8ZxPqF10hj5ZObcULq7O3rqgYtUkVUdpBjZ-D9_yfAy-2zn-KCwtvTSZJPRWqsNl5woPQ_Q8qSCo_o3bOejrekn_kZ-cNLe7XleejQ&__tn__=%2CO%2CP-R,NN A | ™
pfbid02i4oCVR1zxUyU3S99srp7PK5xoMqdDV6JCv3P2SZBXGrqWqgmCq33dMsiNTziAoEDl,CNNArabic,2,2,استدعت والدته الشرطة فصدم اثنين من الضباط بسيارته ونزل ليهاجم آخرين,2023-11-11:18:16,h t t p s : / / e x t e r n a l . f t u n 1 5 - 1 . f n a . f b c d n . n e t / e m g 1 / v / t 1 3 / 4 1 9 6 4 3 1 8 7 9 0 9 0 3 5 4 3 6 1 ? u r l = h t t p s % 3 A % 2 F % 2 F c n n - a r a b i c - i m a g e s . c n n . i o % 2 F c l o u d i n a r y % 2 F i m a g e % 2 F u p l o a d % 2 F w _ 1 9 0 8 % 2 C h _ 1 0 0 2 % 2 C c _ f i l l % 2 C q _ a u t o % 2 C g _ c e n t e r % 2 F t _ c n n a r a b i c _ w a t e r m a r k _ l o g o _ v 5 % 2 F t _ c n n a r a b i c _ w a t e r m a r k _ p l a y e r _ i c o n _ v 2 % 2 F c n n a r a b i c % 2 F 2 0 2 3 % 2 F 1 1 % 2 F 1 1 % 2 F i m a g e s % 2 F 2 5 4 5 0 8 . j p g & f b _ o b o = 1 & u t l d = c n n . i o & s t p = c 0 . 5 0 0 0 x 0 . 5 0 0 0 f _ d s t - j p g _ f l f f f f f f _ p 5 0 0 x 2 6 1 _ q 7 5 & c c b = 1 3 - 1 & o h = 0 6 _ A b F T 2 B 0 b - U p h b F J A M R P w m 1 Q D O u Z G x J K j C C - r P 2 p u F 1 0 w E g & o e = 6 5 5 2 8 B C 0 & _ n c _ s i d = d b a d 3 9,https://www.facebook.com/CNNArabic/posts/pfbid02i4oCVR1zxUyU3S99srp7PK5xoMqdDV6JCv3P2SZBXGrqWqgmCq33dMsiNTziAoEDl?__cft__[0]=AZXr2d_SK7_4iVWv9r6xpAFQd_-bSAqL7pnuL0PO3GCsQ8BaobybgL_NjZu54jJV1C9eEvV2-rhH2ZGdKKAntJ7z-i8x31f5sZcFpENtSaRKe2wW4_fQBIHNplG2PRvti7zB_zmIrGNh6iN422vTqOS1JWBDEySV-wSfoC2h80eEkMk4o1ypzb91SjQMe1igXaQX7MTeqTej963NOi5UpDOH&__tn__=%2CO%2CP-R,N 2 Y _ s P سق يه اح‎ خض مد‎ Y 0 زج‎ - 7-1 ب د‎ - د ا‎ سا‎ g
pfbid0Jhq1W8vN7FQg45iNfLXHCCSfe6pFCEstFShsbQyVUDkCmmNmWybD2Xreg5cLUxepl,CNNArabic,5,5,وحش بحيرة لوخ نيس.. شاهد ما وجده صيادون بعد أكبر عملية بحث منذ 50 عامًاhttps://cnn.it/3SuSuyT,2023-11-11:18:16,h t t p s : / / s c o n t e n t . f t u n 1 5 - 1 . f n a . f b c d n . n e t / v / t 1 5 . 5 2 5 6 - 1 0 / 3 8 4 5 5 7 9 5 5 _ 1 0 8 5 6 5 6 0 6 5 7 6 3 3 8 2 _ 1 2 6 6 8 2 5 3 1 3 3 2 7 9 4 8 1 5 3 _ n . j p g ? s t p = d s t - j p g _ p 1 8 0 x 5 4 0 & _ n c _ c a t = 1 0 2 & c c b = 1 - 7 & _ n c _ s i d = 1 a 7 0 2 9 & _ n c _ o h c = z T D R x P K k N L E A X 9 w C 2 I p & _ n c _ h t = s c o n t e n t . f t u n 1 5 - 1 . f n a & o h = 0 0 _ A f C P h 2 B 2 x 8 Q y c g Y 2 M N V 7 F e Q q E D m Y 9 _ h 3 W q 5 O l X Z 7 k k I y Z Q & o e = 6 5 5 6 A C C 8,https://www.facebook.com/CNNArabic/posts/pfbid0Jhq1W8vN7FQg45iNfLXHCCSfe6pFCEstFShsbQyVUDkCmmNmWybD2Xreg5cLUxepl?__cft__[0]=AZX3Z2wP0ygqsikhiHIgImK_enj0TGVOsCB8nUyl95os3sC0zBXAywRh-ihUdcsWGGCY9VRsJyaMDbwd6Yejclcvponpq8RsNd3_kma0kAMSF7oPYBlyWJ5xlBgBGx2TCo0sdknZT7tHoZnTM1Nt3I_6mV4CAVTz_Ss44eV2NOWwsWmvIIBo-uaP8Spuq_xMYruZyHoth7yLQ9jAglt8vt_e&__tn__=%2CO%2CP-R,"ام ااا I‏ ب ااا ص بخا م"" لوو ليه 0 : o~‏ حر ١‏ . . ا أ 5 10/076 ايسا د دبا 5 | - : | 1 | مسي رحس VIR‏ ."
pfbid0Du1omVSe98ir3QZPZRF1RhZYxdpSZ8Ce4xphKWJmxHv1uhkePnuQpg74ZJzdWFHMl,CNNArabic,0,1,ألف زلزال في 24 ساعة.. بحيرة بلو لاغون الشهيرة بآيسلندا مغلقة أمام السيّاح,2023-11-11:18:16,h t t p s : / / e x t e r n a l . f t u n 1 5 - 1 . f n a . f b c d n . n e t / e m g 1 / v / t 1 3 / 1 4 5 1 8 6 5 9 3 7 5 4 3 1 9 7 7 5 1 7 ? u r l = h t t p s % 3 A % 2 F % 2 F c n n - a r a b i c - i m a g e s . c n n . i o % 2 F c l o u d i n a r y % 2 F i m a g e % 2 F u p l o a d % 2 F w _ 1 9 2 0 % 2 C h _ 1 0 0 8 % 2 C c _ f i l l % 2 C q _ a u t o % 2 C g _ c e n t e r % 2 F t _ c n n a r a b i c _ w a t e r m a r k _ l o g o _ v 5 % 2 F c n n a r a b i c % 2 F 2 0 2 3 % 2 F 1 1 % 2 F 1 1 % 2 F i m a g e s % 2 F 2 5 4 4 9 1 . j p g & f b _ o b o = 1 & u t l d = c n n . i o & s t p = c 0 . 5 0 0 0 x 0 . 5 0 0 0 f _ d s t - j p g _ f l f f f f f f _ p 5 0 0 x 2 6 1 _ q 7 5 & c c b = 1 3 - 1 & o h = 0 6 _ A b F 4 0 W D 0 5 a 3 m w q v G D L Z o 9 f S g y v 8 w 8 Z D b g N C c R 4 a 5 A 0 l U C w & o e = 6 5 5 2 7 D F 9 & _ n c _ s i d = d b a d 3 9,https://www.facebook.com/CNNArabic/posts/pfbid0Du1omVSe98ir3QZPZRF1RhZYxdpSZ8Ce4xphKWJmxHv1uhkePnuQpg74ZJzdWFHMl?__cft__[0]=AZXirZPjYH3NsbasGF-7PNf73wuL2qZlH1Vmh4zZghrkf-V-82a3BK7d5KNKhhis3bPMPArQ-SLXfSIcM99EBZZ2VmjtSjfNr3fpx2A9I3OW4rkoAAZTMxZIdyqd2aT4UpD3amIZfNxCImf4X8g_5xLTE5xk2U-lMnvcLTGgTu4Xh901G0MemGy3da1M1T3veMTqkWfa3UhUs1-Zp2VyntQR&__tn__=%2CO%2CP-R,— .
pfbid09ZPsDnB128JCVvKgGncMmw694L248yFfrniQ5BWjvQEkpfd68Di9wGipdm7sXrDwl,CNNArabic,0,0,لن تصدّق ماهية الطريقة الأبسط لمعالجة الأوجاع الناجمة عن الجلوس لفترة طويلة!,2023-11-11:18:16,h t t p s : / / e x t e r n a l . f t u n 1 5 - 1 . f n a . f b c d n . n e t / e m g 1 / v / t 1 3 / 3 6 6 2 5 3 5 9 5 5 4 7 9 3 2 4 4 8 6 ? u r l = h t t p s % 3 A % 2 F % 2 F c n n - a r a b i c - i m a g e s . c n n . i o % 2 F c l o u d i n a r y % 2 F i m a g e % 2 F u p l o a d % 2 F w _ 1 9 2 0 % 2 C h _ 1 0 0 8 % 2 C c _ f i l l % 2 C q _ a u t o % 2 C g _ c e n t e r % 2 F t _ c n n a r a b i c _ w a t e r m a r k _ l o g o _ v 5 % 2 F t _ c n n a r a b i c _ w a t e r m a r k _ p l a y e r _ i c o n _ v 2 % 2 F c n n a r a b i c % 2 F 2 0 2 3 % 2 F 1 1 % 2 F 1 1 % 2 F i m a g e s % 2 F 2 5 4 4 8 6 . j p g & f b _ o b o = 1 & u t l d = c n n . i o & s t p = c 0 . 5 0 0 0 x 0 . 5 0 0 0 f _ d s t - j p g _ f l f f f f f f _ p 5 0 0 x 2 6 1 _ q 7 5 & c c b = 1 3 - 1 & o h = 0 6 _ A b H h 8 - Z 8 j W r Z Q Q i P 1 L M k b j M 6 K 3 h q A V i h m b b z b n i L j F l 6 r g & o e = 6 5 5 2 9 A 4 A & _ n c _ s i d = d b a d 3 9,https://www.facebook.com/CNNArabic/posts/pfbid09ZPsDnB128JCVvKgGncMmw694L248yFfrniQ5BWjvQEkpfd68Di9wGipdm7sXrDwl?__cft__[0]=AZUPXRZq3BwMY_Z0nWWrC6yms0gPLFz6V1_yq8NAcGsuDuUIi-vJxYLSs6xVi_qRetdKOCFX2jV0Pl9ZmmNjT98uW5Bg5QF29DRsQVtiG-UxJQsbX5xDMZ2nBWEq0JILmPTmblAmNPhw1WZjRY2Hnjwc9L9RhAcIOhXgaFK4EPQkfN00KaPnCMlBwFXyxCTd7ijYZ5v4CuiuKF3Mg0gfUENf&__tn__=%2CO%2CP-R,g =i 1
pfbid033BwDgwkDKcqyhBrYSMCkee6ZZx1LaAAQcqR3nvTnCieynzChQcfNXzXULQbU7rZUl,CNNArabic,11,30,".ذكرت وسائل إعلام أن وزيرة الداخلية البريطانية، #سويلا_برافرمان، أقيلت من منصبها من قبل رئيس الوزراء ريشي سوناك، بعد الإدلاء بتعليقات مثيرة حول تعامل الشرطة مع المسيرات المؤيدة للفلسطينيين في لندن.وشغلت برافرمان منصب وزيرة الداخلية في حكومة سوناك طوال فترة ولايته في داونينغ ستريت، لكن خطابها المناهض للمهاجرين والمتظاهرين والشرطة وحتى المشردين تسبب في حدوث انقسامات في حكومة سوناك وأثار تكهنات بأنها كانت تخطط لمحاولة لتولي قيادة البلاد مستقبلا.وقد أثارت انتقادات مؤخرًا من خلال اتهام قوات الشرطة في لندن بتطبيق ""معايير مزدوجة"" في الطريقة التي تدير بها الاحتجاجات، في مقال افتتاحي بصحيفة ""التايمز"" تدين فيه مسيرة مؤيدة للفلسطينيين قال ""داونينغ ستريت"" إن سوناك لم يوافق عليه.يوم السبت، اشتبك متظاهرون من اليمين المتطرف مع الشرطة في وسط لندن بعد أن وصفت برافرمان المظاهرة المؤيدة للفلسطينيين بأنها “مسيرة كراهية”.ويأتي رحيلها عن الحكومة في الوقت الذي لا يزال فيه حزب سوناك لا يحظى بشعبية كبيرة بين الناخبين، حيث تشير استطلاعات الرأي إلى أن المحافظين ينجرفون نحو هزيمة انتخابية محتملة كارثية العام المقبل.قبل أيام من تعليقاتها على احتجاج السبت والتي أدت إلى تعميق الخلاف بين مكتبها والشرطة، ادعت في منشور على منصة التواصل الاجتماعي X أن الذين ينامون في الشوارع ""يعيشون في الشوارع كخيار أسلوب حياة""، ودعت إلى سياسة لمنع المشردين من الوصول إلى الخيام.وأصر سوناك الخميس على ثقته بـبرافيرمان لكن إقالتها تخلق معركة محتملة للسلطة في قمة الحزب الحاكم، مما يدفع بريطانيا نحو فترة أخرى من الصراعات الداخلية السياسية وعدم الاستقرار",2023-11-13:12:13,h t t p s : / / s c o n t e n t . f t u n 1 6 - 1 . f n a . f b c d n . n e t / v / t 3 9 . 3 0 8 0 8 - 6 / 4 0 0 1 8 5 9 0 8 _ 7 2 8 8 8 1 8 6 9 2 8 0 3 9 0 _ 1 3 6 1 5 9 1 3 6 1 9 7 9 4 2 5 7 3 1 _ n . j p g ? s t p = d s t - j p g _ p 5 2 6 x 2 9 6 & _ n c _ c a t = 1 0 4 & c c b = 1 - 7 & _ n c _ s i d = 5 f 2 0 4 8 & _ n c _ o h c = 5 y D v _ c v g r X U A X 9 R f D _ M & _ n c _ h t = s c o n t e n t . f t u n 1 6 - 1 . f n a & o h = 0 0 _ A f B F X b J X e 8 S Y M R U Q l q Q X 8 4 n 6 Z B S k i 9 k l V t t I q s c i k r f D S A & o e = 6 5 5 7 1 E 1 2,https://www.facebook.com/CNNArabic/posts/pfbid033BwDgwkDKcqyhBrYSMCkee6ZZx1LaAAQcqR3nvTnCieynzChQcfNXzXULQbU7rZUl?__cft__[0]=AZVOCdguzPgc-7vQfKTGmZXOCCmTxW7f-2QvzSAB9wWeLYOLXWKOM7-gShNfh4upZJRXjgfQLDWfo8lzhoZQadzRpWaRueoThN0jCQv9MAD0OTP20WTHW6s-WBeskHlp3b0Y8TVxPZtucgsnvDo2LXLMYD0pfc9iaPUYkO5I4V24LlXN3KP1TR9Y3KNESoaDshwO6BSHHZP3GtV6L9cIluhw&__tn__=%2CO%2CP-R,"وصفت مظاهرة مؤيدة للفلسطينيين ب""مسيرة كراهية"".. إقالة وزيرة داخلية بريطانيا بعد تصريحات عن تحيز الشرطة ا 117 e‏ وه ب B &N 2007)! 7 # 5 - بالكرلال"
pfbid0rHwLsKzcGzjFC1rYFFMZLNcmLPPw3U3GQyScvuynizkr9jzWKMf87kZ39NC9BwURl,CNNArabic,0,2,أوكرانيا تنشر فيديو تزعم أنه يُظهر لحظة تدمير سفينتي إنزال روسيتين https://bit.ly/3QVgSZl,2023-11-13:13:25,h t t p s : / / s c o n t e n t . f t u n 1 6 - 1 . f n a . f b c d n . n e t / v / t 1 5 . 5 2 5 6 - 1 0 / 4 0 0 0 5 1 1 6 5 _ 6 8 6 5 2 5 5 3 6 0 2 0 7 7 6 4 _ 8 9 3 6 6 9 1 9 8 3 9 2 0 7 0 9 6 7 5 _ n . j p g ? s t p = d s t - j p g _ p 1 8 0 x 5 4 0 & _ n c _ c a t = 1 1 0 & c c b = 1 - 7 & _ n c _ s i d = 1 a 7 0 2 9 & _ n c _ o h c = u J 0 i m u 1 4 o q k A X 9 D r T 6 g & _ n c _ h t = s c o n t e n t . f t u n 1 6 - 1 . f n a & o h = 0 0 _ A f D x W M s U F D f e T f e 2 G 8 c Z E l I O Q g l B d p 2 B P K m Q I u m e V 1 j t l g & o e = 6 5 5 7 F 8 D 0,https://www.facebook.com/CNNArabic/posts/pfbid0rHwLsKzcGzjFC1rYFFMZLNcmLPPw3U3GQyScvuynizkr9jzWKMf87kZ39NC9BwURl?__cft__[0]=AZVPolelKmMv9plIHvJVHtDB3WhJw_nGdF72vtIHApJaK0voScq3oCRshvWDozKYKitDayB_cmizeyBT7cWfikNh1MbkUchRCboUrcc9YNjDwWRYSJEup-R249Pi6GqEWzqiDbZ1nybs23ckVvtt3zLl86JkP1A3j2XyIyNJ0NT21uQYnrFsZl0S7p73R0aUDNl93zfOkjVDvp1MtcGI2eeh&__tn__=%2CO%2CP-R,Y
pfbid033BwDgwkDKcqyhBrYSMCkee6ZZx1LaAAQcqR3nvTnCieynzChQcfNXzXULQbU7rZUl,CNNArabic,12,32,".ذكرت وسائل إعلام أن وزيرة الداخلية البريطانية، #سويلا_برافرمان، أقيلت من منصبها من قبل رئيس الوزراء ريشي سوناك، بعد الإدلاء بتعليقات مثيرة حول تعامل الشرطة مع المسيرات المؤيدة للفلسطينيين في لندن.وشغلت برافرمان منصب وزيرة الداخلية في حكومة سوناك طوال فترة ولايته في داونينغ ستريت، لكن خطابها المناهض للمهاجرين والمتظاهرين والشرطة وحتى المشردين تسبب في حدوث انقسامات في حكومة سوناك وأثار تكهنات بأنها كانت تخطط لمحاولة لتولي قيادة البلاد مستقبلا.وقد أثارت انتقادات مؤخرًا من خلال اتهام قوات الشرطة في لندن بتطبيق ""معايير مزدوجة"" في الطريقة التي تدير بها الاحتجاجات، في مقال افتتاحي بصحيفة ""التايمز"" تدين فيه مسيرة مؤيدة للفلسطينيين قال ""داونينغ ستريت"" إن سوناك لم يوافق عليه.يوم السبت، اشتبك متظاهرون من اليمين المتطرف مع الشرطة في وسط لندن بعد أن وصفت برافرمان المظاهرة المؤيدة للفلسطينيين بأنها “مسيرة كراهية”.ويأتي رحيلها عن الحكومة في الوقت الذي لا يزال فيه حزب سوناك لا يحظى بشعبية كبيرة بين الناخبين، حيث تشير استطلاعات الرأي إلى أن المحافظين ينجرفون نحو هزيمة انتخابية محتملة كارثية العام المقبل.قبل أيام من تعليقاتها على احتجاج السبت والتي أدت إلى تعميق الخلاف بين مكتبها والشرطة، ادعت في منشور على منصة التواصل الاجتماعي X أن الذين ينامون في الشوارع ""يعيشون في الشوارع كخيار أسلوب حياة""، ودعت إلى سياسة لمنع المشردين من الوصول إلى الخيام.وأصر سوناك الخميس على ثقته بـبرافيرمان لكن إقالتها تخلق معركة محتملة للسلطة في قمة الحزب الحاكم، مما يدفع بريطانيا نحو فترة أخرى من الصراعات الداخلية السياسية وعدم الاستقرار",2023-11-13:11:52,h t t p s : / / s c o n t e n t . f t u n 1 6 - 1 . f n a . f b c d n . n e t / v / t 3 9 . 3 0 8 0 8 - 6 / 4 0 0 1 8 5 9 0 8 _ 7 2 8 8 8 1 8 6 9 2 8 0 3 9 0 _ 1 3 6 1 5 9 1 3 6 1 9 7 9 4 2 5 7 3 1 _ n . j p g ? s t p = d s t - j p g _ p 5 2 6 x 2 9 6 & _ n c _ c a t = 1 0 4 & c c b = 1 - 7 & _ n c _ s i d = 5 f 2 0 4 8 & _ n c _ o h c = 5 y D v _ c v g r X U A X 9 R f D _ M & _ n c _ h t = s c o n t e n t . f t u n 1 6 - 1 . f n a & o h = 0 0 _ A f B F X b J X e 8 S Y M R U Q l q Q X 8 4 n 6 Z B S k i 9 k l V t t I q s c i k r f D S A & o e = 6 5 5 7 1 E 1 2,https://www.facebook.com/CNNArabic/posts/pfbid033BwDgwkDKcqyhBrYSMCkee6ZZx1LaAAQcqR3nvTnCieynzChQcfNXzXULQbU7rZUl?__cft__[0]=AZXhjufyvF5y85VF7CPMTAdQWFY7qHfcqQNTk9i-GTrtMtPIbqr63Uf0CcVKlmEwJKJsivxujyYucWBq25IdgLr3izPPXuzlbOzkTHhvJcg-lCrMwGQjMfQJwJayokiBwNcfAo1uyBusLozTk7VoaHgfwkj19b9X21QD1_B1z9_yKL7msO0t7J5X-zAQRyFKFuBCzSL87FL0yfN3SGG6hgBy&__tn__=%2CO%2CP-R,"وصفت مظاهرة مؤيدة للفلسطينيين ب""مسيرة كراهية"".. إقالة وزيرة داخلية بريطانيا بعد تصريحات عن تحيز الشرطة ا 117 e‏ وه ب B &N 2007)! 7 # 5 - بالكرلال"
pfbid0vWtvVus6cNAeCeoakFiVLkvmBsHsGBxryPRV3fFReVmTNHS8vvzSDxUqKE6D4u42l,CNNArabic,3,13,"""فيتنام"" الشرق الأوسط؟ فيديو يظهر جمال منطقة في سلطنة #عُمان يغزو مواقع التواصل",2023-11-13:04:52,h t t p s : / / e x t e r n a l . f t u n 1 6 - 1 . f n a . f b c d n . n e t / e m g 1 / v / t 1 3 / 5 2 4 3 0 8 9 9 8 5 7 8 9 4 2 2 2 8 9 ? u r l = h t t p s % 3 A % 2 F % 2 F c n n - a r a b i c - i m a g e s . c n n . i o % 2 F c l o u d i n a r y % 2 F i m a g e % 2 F u p l o a d % 2 F w _ 1 9 2 0 % 2 C h _ 1 0 0 8 % 2 C c _ f i l l % 2 C q _ a u t o % 2 C g _ c e n t e r % 2 F t _ c n n a r a b i c _ w a t e r m a r k _ l o g o _ v 5 % 2 F c n n a r a b i c % 2 F 2 0 2 3 % 2 F 1 1 % 2 F 0 9 % 2 F i m a g e s % 2 F 2 5 4 3 4 2 . j p g & f b _ o b o = 1 & u t l d = c n n . i o & s t p = c 0 . 5 0 0 0 x 0 . 5 0 0 0 f _ d s t - j p g _ f l f f f f f f _ p 5 0 0 x 2 6 1 _ q 7 5 & c c b = 1 3 - 1 & o h = 0 6 _ A b G C X u C A N i x v z a J x G O I y Z d n k S u h c d X v - 3 X 0 e y 9 Q f H b _ p s g & o e = 6 5 5 3 9 D B F & _ n c _ s i d = d b a d 3 9,https://www.facebook.com/CNNArabic/posts/pfbid0vWtvVus6cNAeCeoakFiVLkvmBsHsGBxryPRV3fFReVmTNHS8vvzSDxUqKE6D4u42l?__cft__[0]=AZWwGqMnMJH0yPeashOHyHlyeKHLapzoAdiom-HNRHPgWYrUfocQ22f44ZPEe5p8hTasEsin-iT-G7pkdF158Shd96zJQmfbrF2A_MguOVRMJlsOdgFGzBx-HRQKsCrytKA6j_qaN8XeGJEpEwL92YZpxQvLogHdEd5K9iqKR8gR330PN0k-2__jQDxdtSpR6jsTe-FRA6TOgO9d9V2cFS0Y&__tn__=%2CO%2CP-R,W‘ i P IS
pfbid0bwyWfQRVxaYKANknxEjpEGrEMH3N9d6ddtUJzVMeJ3g61dHSgBjfnV7qBjxuZeGLl,CNNArabic,1,6,نظرة داخل أحد أفخم الفنادق في #قطر الخاصة بالمسافرين العابرين في العالم,2023-11-13:04:52,h t t p s : / / e x t e r n a l . f t u n 1 6 - 1 . f n a . f b c d n . n e t / e m g 1 / v / t 1 3 / 7 8 9 4 3 3 2 7 4 9 5 2 7 2 6 7 5 0 3 ? u r l = h t t p s % 3 A % 2 F % 2 F c n n - a r a b i c - i m a g e s . c n n . i o % 2 F c l o u d i n a r y % 2 F i m a g e % 2 F u p l o a d % 2 F w _ 1 6 0 0 % 2 C h _ 8 4 0 % 2 C c _ f i l l % 2 C q _ a u t o % 2 C g _ c e n t e r % 2 F t _ c n n a r a b i c _ w a t e r m a r k _ l o g o _ v 5 % 2 F c n n a r a b i c % 2 F 2 0 2 3 % 2 F 0 4 % 2 F 2 3 % 2 F i m a g e s % 2 F 2 3 8 3 4 8 . j p g & f b _ o b o = 1 & u t l d = c n n . i o & s t p = c 0 . 5 0 0 0 x 0 . 5 0 0 0 f _ d s t - j p g _ f l f f f f f f _ p 5 0 0 x 2 6 1 _ q 7 5 & c c b = 1 3 - 1 & o h = 0 6 _ A b F u t k P S Y q s M F W U 5 q Y A T m s k F B L f 7 j p Z 8 8 q 3 E c j x V l 8 D u 7 Q & o e = 6 5 5 3 D 5 A 9 & _ n c _ s i d = d b a d 3 9,https://www.facebook.com/CNNArabic/posts/pfbid0bwyWfQRVxaYKANknxEjpEGrEMH3N9d6ddtUJzVMeJ3g61dHSgBjfnV7qBjxuZeGLl?__cft__[0]=AZV-QkgBn7jiJDykeIGsRqF7mC45mKimqCYrko0Gpyd9rTMAPaVqa_ZWBeMCMIl7wwPxTEJGkoVx8swgH37AYAGM2xN8g_L4f36dbtwITLR3aATLgC76LAwt92u-oeHS5sfDV3VIPWKWFGupVDPBAWOc4EQd19Nig91kLC6xyuQAOK4lolMF8y0wPPIve3Qkc5SbjjbfmVcGqA16FsyCcWZi&__tn__=%2CO%2CP-R,o VAL .&ﬁg 222 ا‎ 88 2 e i sf’ ( ا 0 ا‎ ¥ RS e ! j =
